,gene,position,ref,coverage,a,c,g,t,edit,gene_length,genic_region,coding,codon_seq,codon,AA_change
102,accD,2,C,2552,1,772,2,1777,c-to-u,1127,exon,coding,ACG,2,Thr-to-Met (Start Codon)
311,accD,211,C,2659,1,267,0,2391,c-to-u,1127,exon,coding,CGT,1,Arg-to-Cys
357,accD,257,C,3365,1,396,3,2965,c-to-u,1127,exon,coding,TCA,2,Ser-to-Leu
396,accD,296,C,2698,0,317,2,2379,c-to-u,1127,exon,coding,ACG,2,Thr-to-Met
531,accD,431,C,2911,0,437,2,2472,c-to-u,1127,exon,coding,CCT,2,Pro-to-Leu
830,accD,730,T,7282,1,2799,7,4475,u-to-c,1127,exon,coding,TCT,1,Ser-to-Pro
872,accD,772,T,3852,0,2313,2,1537,u-to-c,1127,exon,coding,TAA,1,STOP-to-Gln
879,accD,779,C,3956,1,229,1,3725,c-to-u,1127,exon,coding,TCG,2,Ser-to-Leu
921,accD,821,C,5352,0,1372,1,3979,c-to-u,1127,exon,coding,TCA,2,Ser-to-Leu
996,accD,896,C,1479,0,390,2,1087,c-to-u,1127,exon,coding,CCT,2,Pro-to-Leu
1266,atpA,39,C,7849,2,5775,8,2064,c-to-u,1724,exon,coding,ATC,3,Silent
1397,atpA,170,C,6191,8,525,5,5653,c-to-u,1724,exon,coding,TCT,2,Ser-to-Phe
1424,atpA,197,C,7193,3,207,2,6981,c-to-u,1724,exon,coding,TCG,2,Ser-to-Leu
1430,atpA,203,C,7546,11,315,2,7218,c-to-u,1724,exon,coding,CCG,2,Pro-to-Leu
1457,atpA,230,C,6331,0,444,4,5883,c-to-u,1724,exon,coding,TCG,2,Ser-to-Leu
1460,atpA,233,C,6305,1,259,6,6039,c-to-u,1724,exon,coding,ACG,2,Thr-to-Met
1616,atpA,389,C,7290,0,223,6,7061,c-to-u,1724,exon,coding,TCA,2,Ser-to-Leu
1784,atpA,557,C,5749,3,233,3,5510,c-to-u,1724,exon,coding,TCA,2,Ser-to-Leu
2107,atpA,880,C,6424,1,353,4,6066,c-to-u,1724,exon,coding,CAT,1,His-to-Tyr
2254,atpA,1027,T,7031,3,6459,5,564,u-to-c,1724,exon,coding,TAA,1,STOP-to-Gln
2399,atpA,1172,C,6214,4,382,4,5824,c-to-u,1724,exon,coding,TCT,2,Ser-to-Phe
2576,atpA,1349,C,7038,3,1024,4,6007,c-to-u,1724,exon,coding,TCA,2,Ser-to-Leu
3536,atpB,585,C,7467,1,3137,3,4326,c-to-u,1682,exon,coding,TCC,3,Silent
3610,atpB,659,C,7180,6,217,3,6954,c-to-u,1682,exon,coding,ACT,2,Thr-to-Ile
4332,atpB,1381,C,6569,2,153,3,6411,c-to-u,1682,exon,coding,CCA,1,Pro-to-Ser
4368,atpB,1417,C,5851,1,104,2,5744,c-to-u,1682,exon,coding,CAT,1,His-to-Tyr
4372,atpB,1421,C,5223,0,230,3,4990,c-to-u,1682,exon,coding,CCA,2,Pro-to-Leu
4779,atpE,146,C,7187,2,470,0,6715,c-to-u,599,exon,coding,TCA,2,Ser-to-Leu
4818,atpE,185,C,7049,1,1633,5,5410,c-to-u,599,exon,coding,CCA,2,Pro-to-Leu
5234,atpF,2,C,6262,6,3733,1,2522,c-to-u,1436,exon,coding,ACG,2,Thr-to-Met (Start Codon)
6670,atpH,2,C,7606,3,409,5,7189,c-to-u,446,exon,coding,ACG,2,Thr-to-Met (Start Codon)
6883,atpH,215,C,7847,2,146,1,7698,c-to-u,446,exon,coding,CCG,2,Pro-to-Leu
6892,atpH,224,C,7442,1,185,1,7255,c-to-u,446,exon,coding,TCA,2,Ser-to-Leu
7184,atpI,70,T,3575,1,2796,0,778,u-to-c,947,exon,coding,TAA,1,STOP-to-Gln
7359,atpI,245,C,4661,1,526,1,4133,c-to-u,947,exon,coding,TCA,2,Ser-to-Leu
7425,atpI,311,C,3782,1,794,0,2987,c-to-u,947,exon,coding,CCA,2,Pro-to-Leu
7428,atpI,314,C,3769,2,528,3,3236,c-to-u,947,exon,coding,TCT,2,Ser-to-Phe
7458,atpI,344,C,3634,2,763,1,2868,c-to-u,947,exon,coding,TCG,2,Ser-to-Leu
7728,atpI,614,C,3836,1,375,1,3459,c-to-u,947,exon,coding,TCG,2,Ser-to-Leu
7779,atpI,665,C,4240,0,615,1,3624,c-to-u,947,exon,coding,TCG,2,Ser-to-Leu
8447,ccsA,386,C,7528,1,618,2,6907,c-to-u,1160,exon,coding,TCG,2,Ser-to-Leu
8483,ccsA,422,C,7003,0,375,2,6626,c-to-u,1160,exon,coding,ACG,2,Thr-to-Met
8600,ccsA,539,C,7719,35,6698,8,978,c-to-u,1160,exon,coding,TCG,2,Ser-to-Leu
8809,ccsA,748,C,7710,5,622,5,7078,c-to-u,1160,exon,coding,CGG,1,Arg-to-Trp
8948,ccsA,887,C,6976,4,715,3,6254,c-to-u,1160,exon,coding,TCT,2,Ser-to-Phe
8951,ccsA,890,C,7059,0,765,7,6287,c-to-u,1160,exon,coding,TCA,2,Ser-to-Leu
10432,cemA,1211,C,3764,1,1560,2,2201,c-to-u,1742,exon,coding,CCA,2,Pro-to-Leu
10474,cemA,1253,C,2904,1,800,0,2103,c-to-u,1742,exon,coding,TCG,2,Ser-to-Leu
10594,cemA,1373,C,2932,0,1400,1,1531,c-to-u,1742,exon,coding,TCA,2,Ser-to-Leu
10647,cemA,1426,C,2299,2,803,0,1494,c-to-u,1742,exon,coding,CGC,1,Arg-to-Cys
10976,chlB,13,C,7631,11,1392,11,6217,c-to-u,1745,exon,coding,CAT,1,His-to-Tyr
11213,chlB,250,T,6092,2,2206,5,3879,u-to-c,1745,exon,coding,TAA,1,STOP-to-Gln
11484,chlB,521,C,4935,1,1649,6,3279,c-to-u,1745,exon,coding,CCA,2,Pro-to-Leu
11525,chlB,562,C,6002,1,4621,0,1380,c-to-u,1745,exon,coding,CTA,1,Leu-to-Phe
11538,chlB,575,C,4791,4,901,1,3885,c-to-u,1745,exon,coding,TCG,2,Ser-to-Leu
11889,chlB,926,C,4338,2,743,3,3590,c-to-u,1745,exon,coding,GCG,2,Ala-to-Val
11895,chlB,932,C,4733,4,960,2,3767,c-to-u,1745,exon,coding,TCT,2,Ser-to-Phe
11996,chlB,1033,C,4822,1,956,3,3862,c-to-u,1745,exon,coding,CGG,1,Arg-to-Trp
12189,chlB,1226,C,4194,0,1195,2,2997,c-to-u,1745,exon,coding,TCA,2,Ser-to-Leu
12282,chlB,1319,C,3436,2,653,1,2780,c-to-u,1745,exon,coding,TCA,2,Ser-to-Leu
12498,chlB,1535,C,2234,0,1107,0,1127,c-to-u,1745,exon,coding,CCA,2,Pro-to-Leu
12710,chlL,2,C,6318,4,410,7,5897,c-to-u,1079,exon,coding,ACG,2,Thr-to-Met (Start Codon)
12845,chlL,137,C,7233,5,263,4,6961,c-to-u,1079,exon,coding,TCG,2,Ser-to-Leu
13025,chlL,317,C,7624,4,234,8,7378,c-to-u,1079,exon,coding,CCT,2,Pro-to-Leu
13070,chlL,362,C,5391,8,226,1,5156,c-to-u,1079,exon,coding,TCT,2,Ser-to-Phe
13362,chlL,654,C,6475,2,5689,2,782,c-to-u,1079,exon,coding,ACC,3,Silent
13919,chlN,132,C,6661,8,5938,4,711,c-to-u,1580,exon,coding,ACC,3,Silent
13920,chlN,133,C,6271,8,313,9,5941,c-to-u,1580,exon,coding,CGT,1,Arg-to-Cys
16239,clpP,872,C,4371,2,2067,4,2298,c-to-u,2156,exon,coding,CCA,2,Pro-to-Leu
16449,clpP,1082,C,2368,0,254,2,2112,c-to-u,2156,exon,coding,TCC,2,Ser-to-Phe
16450,clpP,1083,C,2364,1,251,1,2111,c-to-u,2156,exon,coding,TCC,3,Silent
17163,clpP,1796,C,3243,2,232,3,3006,c-to-u,2156,exon,coding,TCA,2,Ser-to-Leu
17590,infA,67,T,1616,0,652,0,964,u-to-c,440,exon,coding,TGA,1,STOP-to-Arg
17594,infA,71,C,1453,2,226,2,1223,c-to-u,440,exon,coding,GCA,2,Ala-to-Val
17644,infA,121,T,1817,0,927,1,889,u-to-c,440,exon,coding,TGA,1,STOP-to-Arg
17687,infA,164,C,1741,1,551,0,1189,c-to-u,440,exon,coding,GCC,2,Ala-to-Val
17688,infA,165,C,1742,0,1044,2,696,c-to-u,440,exon,coding,GCC,3,Silent
18946,matK,983,C,1475,1,240,0,1234,c-to-u,1691,exon,coding,TCG,2,Ser-to-Leu
19141,matK,1178,C,1514,1,1184,2,327,c-to-u,1691,exon,coding,TCA,2,Ser-to-Leu
19814,ndhA,160,T,2473,1,939,2,1531,u-to-c,2113,exon,coding,TGA,1,STOP-to-Arg
21238,ndhA,1584,C,1334,0,359,1,974,c-to-u,2113,exon,coding,CAC,1,His-to-Tyr
21859,ndhB,92,C,830,0,656,0,174,c-to-u,2438,exon,coding,TCT,2,Ser-to-Phe
22363,ndhB,596,C,3394,1,801,2,2590,c-to-u,2438,exon,coding,ACA,2,Thr-to-Ile
23293,ndhB,1526,C,3370,0,536,3,2831,c-to-u,2438,exon,coding,TCA,2,Ser-to-Leu
23436,ndhB,1669,C,4785,1,1372,1,3411,c-to-u,2438,exon,coding,CCT,1,Pro-to-Ser
23558,ndhB,1791,C,3391,1,1564,3,1823,c-to-u,2438,exon,coding,GCC,3,Silent
23559,ndhB,1792,C,3377,2,365,1,3009,c-to-u,2438,exon,coding,CGT,1,Arg-to-Cys
23569,ndhB,1802,C,3612,1,928,0,2683,c-to-u,2438,exon,coding,CCA,2,Pro-to-Leu
23650,ndhB,1883,C,4012,1,856,2,3153,c-to-u,2438,exon,coding,CCG,2,Pro-to-Leu
23658,ndhB,1891,C,3933,0,768,2,3163,c-to-u,2438,exon,coding,CGT,1,Arg-to-Cys
23662,ndhB,1895,C,3419,1,883,5,2530,c-to-u,2438,exon,coding,TCA,2,Ser-to-Leu
23665,ndhB,1898,C,3435,2,767,1,2665,c-to-u,2438,exon,coding,CCA,2,Pro-to-Leu
23689,ndhB,1922,C,3347,1,668,3,2675,c-to-u,2438,exon,coding,CCA,2,Pro-to-Leu
23712,ndhB,1945,C,3500,0,1137,3,2360,c-to-u,2438,exon,coding,CAT,1,His-to-Tyr
23743,ndhB,1976,C,2819,1,666,1,2151,c-to-u,2438,exon,coding,TCG,2,Ser-to-Leu
23752,ndhB,1985,C,3187,0,1080,3,2104,c-to-u,2438,exon,coding,TCG,2,Ser-to-Leu
23815,ndhB,2048,C,4588,2,562,1,4023,c-to-u,2438,exon,coding,TCA,2,Ser-to-Leu
24420,ndhC,215,C,1870,0,419,1,1450,c-to-u,563,exon,coding,TCT,2,Ser-to-Phe
24495,ndhC,290,C,1798,0,866,0,932,c-to-u,563,exon,coding,GCT,2,Ala-to-Val
24923,ndhD,155,C,4358,5,1360,3,2990,c-to-u,1709,exon,coding,TCT,2,Ser-to-Phe
26227,ndhD,1459,C,5594,2,831,1,4760,c-to-u,1709,exon,coding,CGG,1,Arg-to-Trp
26581,ndhE,104,C,2421,3,840,1,1577,c-to-u,500,exon,coding,CCG,2,Pro-to-Leu
27375,ndhF,398,C,2405,1,274,2,2128,c-to-u,2384,exon,coding,TCA,2,Ser-to-Leu
27381,ndhF,404,C,2393,1,375,1,2016,c-to-u,2384,exon,coding,TCA,2,Ser-to-Leu
27599,ndhF,622,T,3061,2,2258,2,799,u-to-c,2384,exon,coding,TGA,1,STOP-to-Arg
27963,ndhF,986,C,2108,2,461,0,1645,c-to-u,2384,exon,coding,TCA,2,Ser-to-Leu
28167,ndhF,1190,C,3430,0,498,2,2930,c-to-u,2384,exon,coding,ACA,2,Thr-to-Ile
28266,ndhF,1289,C,3548,4,981,2,2561,c-to-u,2384,exon,coding,TCA,2,Ser-to-Leu
29444,ndhG,83,C,1685,0,1482,2,201,c-to-u,794,exon,coding,TCA,2,Ser-to-Leu
29720,ndhG,359,T,1650,2,825,1,822,u-to-c,794,exon,coding,TTT,2,Phe-to-Ser
30157,ndhH,2,C,1074,1,637,1,435,c-to-u,1385,exon,coding,ACG,2,Thr-to-Met (Start Codon)
30472,ndhH,317,C,1094,1,161,0,932,c-to-u,1385,exon,coding,CCT,2,Pro-to-Leu
30707,ndhH,552,T,1692,4,796,2,890,u-to-c,1385,exon,coding,CCT,3,Silent
32599,ndhJ,340,C,2001,2,361,3,1635,c-to-u,713,exon,coding,CGG,1,Arg-to-Trp
32659,ndhJ,400,C,1432,0,367,0,1065,c-to-u,713,exon,coding,CAT,1,His-to-Tyr
32770,ndhJ,511,C,1092,0,135,0,957,c-to-u,713,exon,coding,CAA,1,Gln-to-STOP
33179,ndhK,207,C,1328,2,804,0,522,c-to-u,947,exon,coding,TTC,3,Silent
33310,ndhK,338,C,1868,0,278,3,1587,c-to-u,947,exon,coding,CCA,2,Pro-to-Leu
33447,ndhK,475,C,1380,0,185,1,1194,c-to-u,947,exon,coding,CAT,1,His-to-Tyr
34187,petA,268,T,5570,0,4911,0,659,u-to-c,1163,exon,coding,TAG,1,STOP-to-Gln
34196,petA,277,T,5481,1,4477,2,1001,u-to-c,1163,exon,coding,TAA,1,STOP-to-Gln
36317,petB,1235,C,7423,0,245,3,7175,c-to-u,1469,exon,coding,ACG,2,Thr-to-Met
36349,petB,1267,C,6739,1,427,2,6309,c-to-u,1469,exon,coding,CAA,1,Gln-to-STOP
37509,petD,958,C,6588,2,1106,3,5477,c-to-u,1342,exon,coding,TCA,2,Ser-to-Leu
37533,petD,982,C,7118,1,502,0,6615,c-to-u,1342,exon,coding,TCA,2,Ser-to-Leu
37623,petD,1072,C,7633,3,5979,2,1649,c-to-u,1342,exon,coding,GCG,2,Ala-to-Val
37691,petD,1140,C,6839,1,858,2,5978,c-to-u,1342,exon,coding,CAA,1,Gln-to-STOP
37925,petG,32,C,6025,0,1195,2,4828,c-to-u,317,exon,coding,TCA,2,Ser-to-Leu
37931,petG,38,C,6112,3,942,0,5167,c-to-u,317,exon,coding,TCG,2,Ser-to-Leu
38221,petL,11,C,7965,5,1582,12,6366,c-to-u,296,exon,coding,CCA,2,Pro-to-Leu
38541,petN,35,C,3495,1,492,0,3002,c-to-u,290,exon,coding,ACG,2,Thr-to-Met
41251,psaB,2,C,7932,0,331,9,7592,c-to-u,2405,exon,coding,ACG,2,Thr-to-Met (Start Codon)
46004,psbB,2,C,7437,5,596,5,6831,c-to-u,1727,exon,coding,ACG,2,Thr-to-Met (Start Codon)
46118,psbB,116,C,6682,4,200,5,6473,c-to-u,1727,exon,coding,TCA,2,Ser-to-Leu
50723,psbE,110,C,6682,7,694,1,5980,c-to-u,452,exon,coding,TCT,2,Ser-to-Phe
51146,psbF,81,C,7665,2,6840,2,821,c-to-u,320,exon,coding,TTC,3,Silent
52152,psbJ,31,C,7360,7,1108,4,6241,c-to-u,323,exon,coding,CGG,1,Arg-to-Trp
52195,psbJ,74,C,7715,0,226,2,7487,c-to-u,323,exon,coding,ACG,2,Thr-to-Met
52859,psbL,38,C,6499,0,212,2,6285,c-to-u,317,exon,coding,CCA,2,Pro-to-Leu
52892,psbL,71,C,7926,3,137,7,7779,c-to-u,317,exon,coding,CCG,2,Pro-to-Leu
52916,psbL,95,C,7149,2,471,3,6673,c-to-u,317,exon,coding,TCT,2,Ser-to-Phe
53461,psbN,15,C,7986,5,2543,2,5436,c-to-u,338,exon,coding,ACC,3,Silent
53469,psbN,23,C,7990,9,2133,8,5840,c-to-u,338,exon,coding,TCA,2,Ser-to-Leu
53481,psbN,35,C,7994,9,4101,6,3878,c-to-u,338,exon,coding,TCT,2,Ser-to-Phe
53484,psbN,38,C,7994,1,4406,20,3567,c-to-u,338,exon,coding,ACA,2,Thr-to-Ile
54247,psbZ,158,C,7872,4,5602,3,2263,c-to-u,389,exon,coding,TCG,2,Ser-to-Leu
54259,psbZ,170,C,7024,6,380,5,6633,c-to-u,389,exon,coding,CCT,2,Pro-to-Leu
56162,rpl14,56,C,1266,3,257,1,1005,c-to-u,569,exon,coding,CCA,2,Pro-to-Leu
56291,rpl14,185,C,1536,0,400,2,1134,c-to-u,569,exon,coding,GCA,2,Ala-to-Val
56296,rpl14,190,T,1462,1,1027,0,434,u-to-c,569,exon,coding,TGT,1,Cys-to-Arg
57825,rpl2,10,T,1488,0,473,3,1012,u-to-c,1763,exon,coding,TAA,1,STOP-to-Gln
59004,rpl2,1189,T,1280,0,649,0,631,u-to-c,1763,exon,coding,TAA,1,STOP-to-Gln
59804,rpl20,226,C,3019,0,120,1,2898,c-to-u,557,exon,coding,CAT,1,His-to-Tyr
60199,rpl21,64,C,5175,4,537,4,4630,c-to-u,557,exon,coding,CAC,1,His-to-Tyr
60446,rpl21,311,C,3001,0,300,5,2696,c-to-u,557,exon,coding,ACA,2,Thr-to-Ile
60820,rpl22,128,C,961,1,214,0,746,c-to-u,569,exon,coding,TCA,2,Ser-to-Leu
60823,rpl22,131,C,945,2,213,1,729,c-to-u,569,exon,coding,CCC,2,Pro-to-Leu
60824,rpl22,132,C,973,0,859,1,113,c-to-u,569,exon,coding,CCC,3,Silent
63073,rpoA,241,T,1566,1,1083,0,482,u-to-c,1214,exon,coding,TAA,1,STOP-to-Gln
63095,rpoA,263,C,1913,0,320,1,1592,c-to-u,1214,exon,coding,TCA,2,Ser-to-Leu
63104,rpoA,272,C,2051,1,797,0,1253,c-to-u,1214,exon,coding,TCG,2,Ser-to-Leu
63155,rpoA,323,C,1710,0,740,3,967,c-to-u,1214,exon,coding,TCA,2,Ser-to-Leu
63428,rpoA,596,C,1464,0,129,0,1335,c-to-u,1214,exon,coding,TCA,2,Ser-to-Leu
63458,rpoA,626,C,1440,0,309,1,1130,c-to-u,1214,exon,coding,CCA,2,Pro-to-Leu
63753,rpoA,921,C,2345,1,2063,3,278,c-to-u,1214,exon,coding,CTC,3,Silent
64173,rpoB,127,T,974,0,124,1,849,u-to-c,3422,exon,coding,TGA,1,STOP-to-Arg
64261,rpoB,215,C,1053,0,783,0,270,c-to-u,3422,exon,coding,CCA,2,Pro-to-Leu
64471,rpoB,425,C,1300,0,1059,0,241,c-to-u,3422,exon,coding,GCA,2,Ala-to-Val
64501,rpoB,455,C,914,0,662,0,252,c-to-u,3422,exon,coding,TCA,2,Ser-to-Leu
64690,rpoB,644,C,804,1,527,0,276,c-to-u,3422,exon,coding,GCA,2,Ala-to-Val
64708,rpoB,662,C,751,0,507,0,244,c-to-u,3422,exon,coding,CCC,2,Pro-to-Leu
64709,rpoB,663,C,708,0,483,1,224,c-to-u,3422,exon,coding,CCC,3,Silent
64764,rpoB,718,T,721,1,271,2,447,u-to-c,3422,exon,coding,TAA,1,STOP-to-Gln
64864,rpoB,818,C,786,0,405,0,381,c-to-u,3422,exon,coding,TCG,2,Ser-to-Leu
65034,rpoB,988,T,657,0,171,1,485,u-to-c,3422,exon,coding,TAA,1,STOP-to-Gln
65561,rpoB,1515,C,646,1,542,0,103,c-to-u,3422,exon,coding,GTC,3,Silent
65740,rpoB,1694,C,764,0,448,0,316,c-to-u,3422,exon,coding,TCG,2,Ser-to-Leu
66001,rpoB,1955,C,815,0,478,1,336,c-to-u,3422,exon,coding,CCA,2,Pro-to-Leu
66268,rpoB,2222,C,756,0,432,0,324,c-to-u,3422,exon,coding,TCG,2,Ser-to-Leu
66331,rpoB,2285,C,853,0,376,0,477,c-to-u,3422,exon,coding,TCA,2,Ser-to-Leu
66667,rpoB,2621,C,430,1,210,0,219,c-to-u,3422,exon,coding,CCG,2,Pro-to-Leu
66766,rpoB,2720,C,427,0,207,2,218,c-to-u,3422,exon,coding,CCT,2,Pro-to-Leu
67033,rpoB,2987,C,1399,0,546,2,851,c-to-u,3422,exon,coding,TCA,2,Ser-to-Leu
67114,rpoB,3068,C,1028,2,410,0,616,c-to-u,3422,exon,coding,CCT,2,Pro-to-Leu
67197,rpoB,3151,C,1254,1,462,0,791,c-to-u,3422,exon,coding,CGT,1,Arg-to-Cys
67583,rpoC1,115,T,1059,0,290,0,769,u-to-c,2999,exon,coding,TAA,1,STOP-to-Gln
67632,rpoC1,164,C,1252,2,563,0,687,c-to-u,2999,exon,coding,CCA,2,Pro-to-Leu
67854,rpoC1,386,C,1175,0,721,0,454,c-to-u,2999,exon,coding,TCA,2,Ser-to-Leu
67887,rpoC1,419,C,1142,0,519,0,623,c-to-u,2999,exon,coding,CCA,2,Pro-to-Leu
68874,rpoC1,1406,C,1160,0,214,0,946,c-to-u,2999,exon,coding,TCG,2,Ser-to-Leu
69138,rpoC1,1670,C,724,0,296,1,427,c-to-u,2999,exon,coding,TCA,2,Ser-to-Leu
69243,rpoC1,1775,C,1234,0,452,0,782,c-to-u,2999,exon,coding,ACG,2,Thr-to-Met
69458,rpoC1,1990,T,645,0,285,0,360,u-to-c,2999,exon,coding,TGA,1,STOP-to-Arg
69656,rpoC1,2188,C,864,0,345,0,519,c-to-u,2999,exon,coding,CGT,1,Arg-to-Cys
69666,rpoC1,2198,C,807,1,223,0,583,c-to-u,2999,exon,coding,TCT,2,Ser-to-Phe
70637,rpoC2,170,C,679,0,266,0,413,c-to-u,4484,exon,coding,TCG,2,Ser-to-Leu
70699,rpoC2,232,T,727,1,96,1,629,u-to-c,4484,exon,coding,TAA,1,STOP-to-Gln
70799,rpoC2,332,C,685,1,266,1,417,c-to-u,4484,exon,coding,TCA,2,Ser-to-Leu
71368,rpoC2,901,C,482,2,177,0,303,c-to-u,4484,exon,coding,CGG,1,Arg-to-Trp
74260,rpoC2,3793,T,776,0,594,0,182,u-to-c,4484,exon,coding,TGC,1,Cys-to-Arg
75977,rps12,424,C,6569,1,2531,2,4035,c-to-u,975,exon,coding,TCG,2,Ser-to-Leu
76776,rps14,248,C,5404,0,358,7,5039,c-to-u,503,exon,coding,CCT,2,Pro-to-Leu
79083,rps19,2,C,750,0,291,1,458,c-to-u,479,exon,coding,ACG,2,Thr-to-Met (Start Codon)
79576,rps2,16,C,5444,11,1778,5,3650,c-to-u,917,exon,coding,CGG,1,Arg-to-Trp
79739,rps2,179,C,4356,1,526,2,3827,c-to-u,917,exon,coding,TCG,2,Ser-to-Leu
79990,rps2,430,T,5506,4,4631,4,867,u-to-c,917,exon,coding,TAA,1,STOP-to-Gln
80042,rps2,482,C,5133,2,1665,1,3465,c-to-u,917,exon,coding,TCA,2,Ser-to-Leu
80222,rps2,662,C,5023,1,1960,2,3060,c-to-u,917,exon,coding,TCA,2,Ser-to-Leu
80513,rps3,36,C,1154,0,960,0,194,c-to-u,854,exon,coding,CTC,3,Silent
80523,rps3,46,T,1220,0,387,2,831,u-to-c,854,exon,coding,TAA,1,STOP-to-Gln
80532,rps3,55,C,1292,0,539,0,753,c-to-u,854,exon,coding,CAT,1,His-to-Tyr
80668,rps3,191,C,1645,0,1339,0,306,c-to-u,854,exon,coding,GCG,2,Ala-to-Val
81087,rps3,610,C,2335,0,568,0,1767,c-to-u,854,exon,coding,CGT,1,Arg-to-Cys
81558,rps4,227,C,2178,2,413,1,1762,c-to-u,788,exon,coding,CCG,2,Pro-to-Leu
81582,rps4,251,C,1876,1,461,0,1414,c-to-u,788,exon,coding,CCG,2,Pro-to-Leu
82258,rps7,139,T,7591,3,5915,4,1669,u-to-c,653,exon,coding,TAA,1,STOP-to-Gln
82400,rps7,281,C,7642,1,1861,1,5779,c-to-u,653,exon,coding,TCG,2,Ser-to-Leu
82415,rps7,296,C,6833,0,1054,6,5773,c-to-u,653,exon,coding,TCA,2,Ser-to-Leu
83089,rps8,317,C,2486,2,779,0,1705,c-to-u,599,exon,coding,TCA,2,Ser-to-Leu
83373,ycf1,2,C,685,0,406,0,279,c-to-u,5315,exon,coding,ACG,2,Thr-to-Met (Start Codon)
89175,ycf2,187,T,1999,1,606,0,1392,u-to-c,6392,exon,coding,TGA,1,STOP-to-Arg
90393,ycf2,1405,T,925,0,431,1,493,u-to-c,6392,exon,coding,TAA,1,STOP-to-Gln
92402,ycf2,3414,C,495,0,337,1,157,c-to-u,6392,exon,coding,GCC,3,Silent
92428,ycf2,3440,C,595,0,282,0,313,c-to-u,6392,exon,coding,TCG,2,Ser-to-Leu
92517,ycf2,3529,T,565,0,436,0,129,u-to-c,6392,exon,coding,TAA,1,STOP-to-Gln
93217,ycf2,4229,C,650,1,52,0,597,c-to-u,6392,exon,coding,CCA,2,Pro-to-Leu
93397,ycf2,4409,C,889,1,166,1,721,c-to-u,6392,exon,coding,TCA,2,Ser-to-Leu
93420,ycf2,4432,T,875,0,709,1,165,u-to-c,6392,exon,coding,TAA,1,STOP-to-Gln
95433,ycf3,53,C,996,0,374,2,620,c-to-u,2103,exon,coding,TCA,2,Ser-to-Leu
95448,ycf3,68,C,1191,0,753,0,438,c-to-u,2103,exon,coding,ACA,2,Thr-to-Ile
97209,ycf3,1829,C,2723,1,729,0,1993,c-to-u,2103,exon,coding,CGG,1,Arg-to-Trp
98246,ycf94,8,C,1655,1,1430,0,224,c-to-u,428,exon,coding,ACG,2,Thr-to-Met