gene,position,ref,coverage,a,c,g,t,edit,gene_length,genic_region,coding,codon_seq,codon,AA_change
accD,2,C,30,0,12,0,18,c-to-u,1124,exon,coding,ACG,2,Thr-to-Met (Start Codon)
accD,211,C,162,0,13,0,149,c-to-u,1124,exon,coding,CGT,1,Arg-to-Cys
accD,257,C,120,0,18,0,102,c-to-u,1124,exon,coding,TCA,2,Ser-to-Leu
accD,296,C,84,0,30,0,54,c-to-u,1124,exon,coding,ACG,2,Thr-to-Met
accD,662,C,144,0,35,0,109,c-to-u,1124,exon,coding,CCT,2,Pro-to-Leu
accD,730,T,218,0,147,0,71,u-to-c,1124,exon,coding,TCT,1,Ser-to-Pro
accD,821,C,154,0,49,0,105,c-to-u,1124,exon,coding,TCA,2,Ser-to-Leu
accD,845,C,122,0,42,0,80,c-to-u,1124,exon,coding,TCA,2,Ser-to-Leu
accD,896,C,26,0,8,0,18,c-to-u,1124,exon,coding,CCT,2,Pro-to-Leu
atpA,54,C,43,0,7,0,36,c-to-u,1724,exon,coding,ATC,3,Silent
atpA,197,C,381,0,12,0,369,c-to-u,1724,exon,coding,TCG,2,Ser-to-Leu
atpA,230,C,370,0,28,0,342,c-to-u,1724,exon,coding,TCG,2,Ser-to-Leu
atpA,233,C,369,0,7,0,362,c-to-u,1724,exon,coding,ACG,2,Thr-to-Met
atpA,389,C,661,0,12,0,649,c-to-u,1724,exon,coding,TCG,2,Ser-to-Leu
atpA,880,C,90,0,1,0,89,c-to-u,1724,exon,coding,CAT,1,His-to-Tyr
atpA,1027,T,253,1,243,0,9,u-to-c,1724,exon,coding,TAA,1,STOP-to-Gln
atpA,1031,C,205,0,7,0,198,c-to-u,1724,exon,coding,ACA,2,Thr-to-Ile
atpA,1349,C,198,0,4,0,194,c-to-u,1724,exon,coding,TCA,2,Ser-to-Leu
atpA,1448,C,255,0,17,0,238,c-to-u,1724,exon,coding,TCT,2,Ser-to-Phe
atpB,98,C,377,0,30,0,347,c-to-u,1682,exon,coding,TCT,2,Ser-to-Phe
atpB,470,C,151,0,2,0,149,c-to-u,1682,exon,coding,TCG,2,Ser-to-Leu
atpB,542,C,783,0,61,0,722,c-to-u,1682,exon,coding,ACG,2,Thr-to-Met
atpB,548,C,741,0,59,0,682,c-to-u,1682,exon,coding,TCG,2,Ser-to-Leu
atpB,641,C,1152,0,72,0,1080,c-to-u,1682,exon,coding,ACG,2,Thr-to-Met
atpB,659,C,1369,0,186,1,1182,c-to-u,1682,exon,coding,ACT,2,Thr-to-Ile
atpB,746,C,601,0,77,0,524,c-to-u,1682,exon,coding,TCA,2,Ser-to-Leu
atpB,1381,C,294,0,10,0,284,c-to-u,1682,exon,coding,CCA,1,Pro-to-Ser
atpB,1421,C,21,0,2,0,19,c-to-u,1682,exon,coding,CCA,2,Pro-to-Leu
atpE,51,C,395,0,49,0,346,c-to-u,599,exon,coding,TCC,3,Silent
atpE,58,T,400,0,344,0,56,u-to-c,599,exon,coding,TGG,1,Trp-to-Arg
atpE,146,C,164,0,6,1,157,c-to-u,599,exon,coding,TCG,2,Ser-to-Leu
atpE,185,C,846,0,53,2,791,c-to-u,599,exon,coding,CCA,2,Pro-to-Leu
atpF,2,C,73,0,29,0,44,c-to-u,1411,exon,coding,ACG,2,Thr-to-Met (Start Codon)
ccsA,19,T,0,0,0,0,0,NA,1151,exon,coding,TAC,1,NA
ccsA,21,C,0,0,0,0,0,NA,1151,exon,coding,TAC,3,NA
atpH,2,C,38,0,6,0,32,c-to-u,446,exon,coding,ACG,2,Thr-to-Met (Start Codon)
atpH,170,C,861,0,36,0,825,c-to-u,446,exon,coding,TCA,2,Ser-to-Leu
atpH,203,C,1843,0,31,0,1812,c-to-u,446,exon,coding,TCA,2,Ser-to-Leu
atpH,221,C,1718,0,94,0,1624,c-to-u,446,exon,coding,CCG,2,Pro-to-Leu
atpH,224,C,1714,0,39,1,1674,c-to-u,446,exon,coding,TCA,2,Ser-to-Leu
atpH,238,C,1155,0,31,3,1121,c-to-u,446,exon,coding,CCT,1,Pro-to-Ser
atpH,239,C,1155,0,33,1,1121,c-to-u,446,exon,coding,CCT,2,Pro-to-Leu
chlB,2,T,0,0,0,0,0,NA,1829,exon,coding,ATT,2,NA
chlB,3,T,0,0,0,0,0,NA,1829,exon,coding,ATT,3,NA
chlB,4,T,0,0,0,0,0,NA,1829,exon,coding,TTT,1,NA
chlB,5,T,0,0,0,0,0,NA,1829,exon,coding,TTT,2,NA
chlB,6,T,0,0,0,0,0,NA,1829,exon,coding,TTT,3,NA
chlB,7,C,0,0,0,0,0,NA,1829,exon,coding,CAG,1,NA
chlB,10,T,0,0,0,0,0,NA,1829,exon,coding,TTC,1,NA
chlB,11,T,0,0,0,0,0,NA,1829,exon,coding,TTC,2,NA
chlB,12,C,0,0,0,0,0,NA,1829,exon,coding,TTC,3,NA
chlB,14,T,0,0,0,0,0,NA,1829,exon,coding,ATA,2,NA
chlB,16,T,0,0,0,0,0,NA,1829,exon,coding,TTA,1,NA
chlB,17,T,0,0,0,0,0,NA,1829,exon,coding,TTA,2,NA
chlB,19,T,0,0,0,0,0,NA,1829,exon,coding,TGA,1,NA
chlB,22,T,0,0,0,0,0,NA,1829,exon,coding,TGC,1,NA
chlB,24,C,0,0,0,0,0,NA,1829,exon,coding,TGC,3,NA
chlB,25,T,0,0,0,0,0,NA,1829,exon,coding,TAC,1,NA
chlB,27,C,0,0,0,0,0,NA,1829,exon,coding,TAC,3,NA
chlB,29,C,0,0,0,0,0,NA,1829,exon,coding,GCT,2,NA
chlB,30,T,0,0,0,0,0,NA,1829,exon,coding,GCT,3,NA
chlB,36,T,0,0,0,0,0,NA,1829,exon,coding,AAT,3,NA
chlB,39,C,0,0,0,0,0,NA,1829,exon,coding,AGC,3,NA
atpI,41,C,220,0,36,0,184,c-to-u,947,exon,coding,CCA,2,Pro-to-Leu
atpI,70,T,229,0,195,0,34,u-to-c,947,exon,coding,TAA,1,STOP-to-Gln
atpI,233,C,125,0,4,0,121,c-to-u,947,exon,coding,TCT,2,Ser-to-Phe
atpI,245,C,112,0,3,0,109,c-to-u,947,exon,coding,TCA,2,Ser-to-Leu
atpI,311,C,193,0,7,0,186,c-to-u,947,exon,coding,CCA,2,Pro-to-Leu
atpI,485,C,108,0,5,0,103,c-to-u,947,exon,coding,TCT,2,Ser-to-Phe
atpI,541,C,89,0,0,0,89,c-to-u,947,exon,coding,CTC,1,Leu-to-Phe
atpI,614,C,147,0,5,0,142,c-to-u,947,exon,coding,CCG,2,Pro-to-Leu
atpI,650,C,108,0,3,0,105,c-to-u,947,exon,coding,ACG,2,Thr-to-Met
atpI,665,C,53,0,6,0,47,c-to-u,947,exon,coding,TCG,2,Ser-to-Leu
ccsA,386,C,140,0,5,0,135,c-to-u,1151,exon,coding,TCG,2,Ser-to-Leu
ccsA,422,C,86,0,2,0,84,c-to-u,1151,exon,coding,ACG,2,Thr-to-Met
ccsA,443,C,68,0,14,0,54,c-to-u,1151,exon,coding,TCA,2,Ser-to-Leu
ccsA,798,C,292,0,67,0,225,c-to-u,1151,exon,coding,ATC,3,Silent
cemA,1247,C,77,0,13,0,64,c-to-u,1736,exon,coding,TCA,2,Ser-to-Leu
cemA,1255,C,75,0,23,0,52,c-to-u,1736,exon,coding,CGG,1,Arg-to-Trp
cemA,1284,T,112,0,15,0,97,u-to-c,1736,exon,coding,AAT,3,Silent
chlB,150,C,26,0,2,0,24,c-to-u,1829,exon,coding,TCC,3,Silent
chlB,196,C,22,0,2,0,20,c-to-u,1829,exon,coding,CAT,1,His-to-Tyr
chlB,334,T,106,0,57,0,49,u-to-c,1829,exon,coding,TAA,1,STOP-to-Gln
chlB,605,C,37,0,5,0,32,c-to-u,1829,exon,coding,CCA,2,Pro-to-Leu
chlB,650,C,24,0,2,0,22,c-to-u,1829,exon,coding,TCC,2,Ser-to-Phe
chlB,651,C,24,0,2,0,22,c-to-u,1829,exon,coding,TCC,3,Silent
chlB,1117,C,58,0,1,0,57,c-to-u,1829,exon,coding,CGG,1,Arg-to-Trp
chlB,1403,C,48,0,8,0,40,c-to-u,1829,exon,coding,TCG,2,Ser-to-Leu
chlL,50,C,864,0,119,1,744,c-to-u,1127,exon,coding,ACG,2,Thr-to-Met
chlL,185,C,1016,0,108,0,908,c-to-u,1127,exon,coding,TCA,2,Ser-to-Leu
chlL,365,C,657,0,19,0,638,c-to-u,1127,exon,coding,CCA,2,Pro-to-Leu
chlL,377,C,812,0,19,0,793,c-to-u,1127,exon,coding,TCA,2,Ser-to-Leu
chlL,410,C,695,0,31,0,664,c-to-u,1127,exon,coding,TCT,2,Ser-to-Phe
chlN,167,C,114,0,2,0,112,c-to-u,1592,exon,coding,ACG,2,Thr-to-Met
chlN,518,C,413,0,366,0,47,c-to-u,1592,exon,coding,TCA,2,Ser-to-Leu
chlN,1004,C,185,0,3,0,182,c-to-u,1592,exon,coding,TCA,2,Ser-to-Leu
clpP,874,C,168,0,49,0,119,c-to-u,2202,exon,coding,CCA,2,Pro-to-Leu
clpP,1084,C,129,0,26,0,103,c-to-u,2202,exon,coding,TCT,2,Ser-to-Phe
clpP,1839,C,227,0,14,0,213,c-to-u,2202,exon,coding,GCG,2,Ala-to-Val
clpP,1968,C,205,0,77,0,128,c-to-u,2202,exon,coding,GCG,2,Ala-to-Val
infA,67,T,44,0,30,0,14,u-to-c,443,exon,coding,TGA,1,STOP-to-Arg
ndhB,155,C,0,0,0,0,0,NA,2485,exon,coding,GCG,2,NA
ndhB,158,T,0,0,0,0,0,NA,2485,exon,coding,ATG,2,NA
ndhB,160,T,0,0,0,0,0,NA,2485,exon,coding,TCA,1,NA
ndhB,161,C,0,0,0,0,0,NA,2485,exon,coding,TCA,2,NA
ndhB,163,T,0,0,0,0,0,NA,2485,exon,coding,TCC,1,NA
ndhB,164,C,0,0,0,0,0,NA,2485,exon,coding,TCC,2,NA
ndhB,165,C,0,0,0,0,0,NA,2485,exon,coding,TCC,3,NA
ndhB,166,T,0,0,0,0,0,NA,2485,exon,coding,TTA,1,NA
ndhB,167,T,0,0,0,0,0,NA,2485,exon,coding,TTA,2,NA
ndhB,169,T,0,0,0,0,0,NA,2485,exon,coding,TTA,1,NA
ndhB,170,T,0,0,0,0,0,NA,2485,exon,coding,TTA,2,NA
ndhB,173,T,0,0,0,0,0,NA,2485,exon,coding,GTT,2,NA
ndhB,174,T,0,0,0,0,0,NA,2485,exon,coding,GTT,3,NA
ndhB,177,T,0,0,0,0,0,NA,2485,exon,coding,AGT,3,NA
ndhB,178,C,0,0,0,0,0,NA,2485,exon,coding,CTG,1,NA
ndhB,179,T,0,0,0,0,0,NA,2485,exon,coding,CTG,2,NA
ndhB,182,T,0,0,0,0,0,NA,2485,exon,coding,GTT,2,NA
ndhB,183,T,0,0,0,0,0,NA,2485,exon,coding,GTT,3,NA
ndhB,184,T,0,0,0,0,0,NA,2485,exon,coding,TTT,1,NA
ndhB,185,T,0,0,0,0,0,NA,2485,exon,coding,TTT,2,NA
ndhB,186,T,0,0,0,0,0,NA,2485,exon,coding,TTT,3,NA
ndhB,187,T,0,0,0,0,0,NA,2485,exon,coding,TTG,1,NA
ndhB,188,T,0,0,0,0,0,NA,2485,exon,coding,TTG,2,NA
ndhB,190,T,0,0,0,0,0,NA,2485,exon,coding,TTA,1,NA
ndhB,191,T,0,0,0,0,0,NA,2485,exon,coding,TTA,2,NA
ndhB,193,T,0,0,0,0,0,NA,2485,exon,coding,TAT,1,NA
ndhB,195,T,0,0,0,0,0,NA,2485,exon,coding,TAT,3,NA
ndhB,196,C,0,0,0,0,0,NA,2485,exon,coding,CAA,1,NA
infA,121,T,56,0,44,0,12,u-to-c,443,exon,coding,TGA,1,STOP-to-Arg
infA,164,C,150,0,22,0,128,c-to-u,443,exon,coding,ACC,2,Thr-to-Ile
infA,165,C,154,0,94,0,60,c-to-u,443,exon,coding,ACC,3,Silent
matK,80,C,127,0,14,0,113,c-to-u,1664,exon,coding,TCG,2,Ser-to-Leu
matK,236,C,51,0,14,0,37,c-to-u,1664,exon,coding,ACA,2,Thr-to-Ile
matK,455,C,25,0,2,0,23,c-to-u,1664,exon,coding,CCA,2,Pro-to-Leu
matK,848,C,64,0,57,0,7,c-to-u,1664,exon,coding,ACA,2,Thr-to-Ile
matK,1116,C,8,0,0,0,8,c-to-u,1664,exon,coding,ATC,3,Silent
ndhA,160,T,41,0,30,0,11,u-to-c,2116,exon,coding,TGA,1,STOP-to-Arg
ndhA,386,C,37,0,8,0,29,c-to-u,2116,exon,coding,TCG,2,Ser-to-Leu
ndhA,1590,C,101,0,15,0,86,c-to-u,2116,exon,coding,CAC,1,His-to-Tyr
ndhA,1636,C,44,0,10,0,34,c-to-u,2116,exon,coding,TCA,2,Ser-to-Leu
ndhB,42,C,10,0,7,0,3,c-to-u,2485,exon,coding,ATC,3,Silent
ndhB,92,C,9,0,6,0,3,c-to-u,2485,exon,coding,ACC,2,Thr-to-Ile
ndhB,497,C,80,0,11,0,69,c-to-u,2485,exon,coding,ACG,2,Thr-to-Met
ndhB,504,C,79,0,63,0,16,c-to-u,2485,exon,coding,TTC,3,Silent
ndhB,1824,C,27,0,19,0,8,c-to-u,2485,exon,coding,CTG,1,Leu-to-Phe
ndhB,1938,C,195,0,43,0,152,c-to-u,2485,exon,coding,CGT,1,Arg-to-Cys
ndhB,1945,C,199,0,43,0,156,c-to-u,2485,exon,coding,CCA,2,Pro-to-Leu
ndhB,2023,C,107,0,15,0,92,c-to-u,2485,exon,coding,TCG,2,Ser-to-Leu
ndhB,2032,C,107,0,22,0,85,c-to-u,2485,exon,coding,TCG,2,Ser-to-Leu
ndhB,2095,C,152,0,46,0,106,c-to-u,2485,exon,coding,TCA,2,Ser-to-Leu
ndhC,8,C,102,0,57,0,45,c-to-u,563,exon,coding,CCA,2,Pro-to-Leu
ndhC,215,C,513,0,94,0,419,c-to-u,563,exon,coding,TCC,2,Ser-to-Phe
ndhC,216,C,527,0,405,0,122,c-to-u,563,exon,coding,TCC,3,Silent
ndhC,290,C,365,0,86,0,279,c-to-u,563,exon,coding,GCT,2,Ala-to-Val
ndhC,350,C,61,0,7,0,54,c-to-u,563,exon,coding,CCA,2,Pro-to-Leu
ndhD,155,C,134,0,22,1,111,c-to-u,1712,exon,coding,TCT,2,Ser-to-Phe
ndhD,308,C,35,0,4,0,31,c-to-u,1712,exon,coding,TCA,2,Ser-to-Leu
ndhD,602,C,307,0,62,0,245,c-to-u,1712,exon,coding,TCA,2,Ser-to-Leu
ndhD,1373,C,114,0,28,1,85,c-to-u,1712,exon,coding,CCC,2,Pro-to-Leu
ndhE,5,C,27,0,15,0,12,c-to-u,503,exon,coding,ACG,2,Thr-to-Met
ndhE,107,C,37,0,4,0,33,c-to-u,503,exon,coding,CCA,2,Pro-to-Leu
ndhF,404,C,50,0,13,0,37,c-to-u,2381,exon,coding,TCA,2,Ser-to-Leu
ndhF,622,T,209,0,128,0,81,u-to-c,2381,exon,coding,TGA,1,STOP-to-Arg
ndhF,1190,C,67,0,12,0,55,c-to-u,2381,exon,coding,ACA,2,Thr-to-Ile
ndhG,320,C,24,0,1,0,23,c-to-u,794,exon,coding,TCT,2,Ser-to-Phe
ndhG,359,T,43,0,41,0,2,u-to-c,794,exon,coding,TTT,2,Phe-to-Ser
ndhI,98,C,17,0,4,0,13,c-to-u,677,exon,coding,TCA,2,Ser-to-Leu
ndhI,128,C,12,0,10,0,2,c-to-u,677,exon,coding,CCA,2,Pro-to-Leu
ndhI,333,C,40,0,35,0,5,c-to-u,677,exon,coding,ATC,3,Silent
ndhJ,293,C,182,0,39,0,143,c-to-u,713,exon,coding,ACA,2,Thr-to-Ile
ndhJ,340,C,334,0,102,0,232,c-to-u,713,exon,coding,CGG,1,Arg-to-Trp
ndhJ,400,C,372,0,26,0,346,c-to-u,713,exon,coding,CAT,1,His-to-Tyr
ndhJ,511,C,180,0,19,0,161,c-to-u,713,exon,coding,CAA,1,Gln-to-STOP
ndhK,338,C,169,0,22,0,147,c-to-u,962,exon,coding,CCA,2,Pro-to-Leu
ndhK,475,C,153,0,13,1,139,c-to-u,962,exon,coding,CAT,1,His-to-Tyr
petA,268,T,182,0,156,0,26,u-to-c,1163,exon,coding,TAG,1,STOP-to-Gln
petA,277,T,158,0,132,0,26,u-to-c,1163,exon,coding,TAA,1,STOP-to-Gln
petA,533,C,167,0,19,0,148,c-to-u,1163,exon,coding,TCA,2,Ser-to-Leu
petB,1198,C,3689,0,102,1,3586,c-to-u,1543,exon,coding,TCA,2,Ser-to-Leu
petB,1288,C,2361,0,230,0,2131,c-to-u,1543,exon,coding,TCT,2,Ser-to-Phe
petB,1291,C,2342,0,96,1,2245,c-to-u,1543,exon,coding,ACG,2,Thr-to-Met
petB,1329,C,777,0,77,0,700,c-to-u,1543,exon,coding,CCG,1,Pro-to-Ser
petD,745,C,919,0,41,0,878,c-to-u,1339,exon,coding,CCA,2,Pro-to-Leu
petD,934,C,650,0,47,0,603,c-to-u,1339,exon,coding,TCA,2,Ser-to-Leu
petD,958,C,1007,0,63,0,944,c-to-u,1339,exon,coding,TCA,2,Ser-to-Leu
petD,1048,C,978,0,59,1,918,c-to-u,1339,exon,coding,GCG,2,Ala-to-Val
petD,1063,C,875,0,68,0,807,c-to-u,1339,exon,coding,TCA,2,Ser-to-Leu
petD,1116,C,159,0,28,1,130,c-to-u,1339,exon,coding,CAG,1,Gln-to-STOP
petG,29,C,823,0,9,0,814,c-to-u,314,exon,coding,GCG,2,Ala-to-Val
petG,38,C,877,0,12,0,865,c-to-u,314,exon,coding,TCG,2,Ser-to-Leu
petL,11,C,614,0,219,0,395,c-to-u,410,exon,coding,TCA,2,Ser-to-Leu
psaB,764,C,783,0,22,0,761,c-to-u,2405,exon,coding,TCA,2,Ser-to-Leu
psaB,869,C,816,0,33,0,783,c-to-u,2405,exon,coding,ACG,2,Thr-to-Met
psaJ,86,C,134,0,10,0,124,c-to-u,329,exon,coding,ACA,2,Thr-to-Ile
psbB,2,C,276,0,38,0,238,c-to-u,1727,exon,coding,ACG,2,Thr-to-Met (Start Codon)
psbB,116,C,1000,0,36,0,964,c-to-u,1727,exon,coding,TCA,2,Ser-to-Leu
psbE,110,C,1673,0,38,2,1633,c-to-u,452,exon,coding,TCT,2,Ser-to-Phe
psbE,204,C,846,0,0,0,846,c-to-u,452,exon,coding,GGC,3,Silent
psbJ,31,C,3371,1,612,1,2757,c-to-u,323,exon,coding,CGG,1,Arg-to-Trp
psbL,71,C,1006,0,28,0,978,c-to-u,317,exon,coding,CCG,2,Pro-to-Leu
psbL,95,C,1022,0,64,0,958,c-to-u,317,exon,coding,TCT,2,Ser-to-Phe
psbM,2,C,759,0,62,0,697,c-to-u,308,exon,coding,ACG,2,Thr-to-Met (Start Codon)
psbN,8,C,29,0,6,0,23,c-to-u,338,exon,coding,ACG,2,Thr-to-Met
psbN,23,C,38,0,8,0,30,c-to-u,338,exon,coding,TCA,2,Ser-to-Leu
psbT,41,C,196,0,16,0,180,c-to-u,305,exon,coding,TCA,2,Ser-to-Leu
psbZ,170,C,4141,0,577,1,3563,c-to-u,389,exon,coding,TCA,2,Ser-to-Leu
rpl14,56,C,18,0,2,0,16,c-to-u,569,exon,coding,CCA,2,Pro-to-Leu
rpl14,185,C,128,0,24,0,104,c-to-u,569,exon,coding,GCA,2,Ala-to-Val
rpl14,190,T,132,0,108,0,24,u-to-c,569,exon,coding,TGT,1,Cys-to-Arg
rpl2,1175,T,37,0,33,0,4,u-to-c,1749,exon,coding,TAA,1,STOP-to-Gln
rpl21,314,C,23,0,0,0,23,c-to-u,560,exon,coding,ACA,2,Thr-to-Ile
rpl22,69,C,64,0,16,0,48,c-to-u,569,exon,coding,CTC,3,Silent
rpl22,128,C,96,0,31,0,65,c-to-u,569,exon,coding,TCA,2,Ser-to-Leu
rpl23,2,C,18,0,2,0,16,c-to-u,482,exon,coding,ACG,2,Thr-to-Met (Start Codon)
rpl23,149,C,58,0,14,0,44,c-to-u,482,exon,coding,ACA,2,Thr-to-Ile
rpoA,241,T,59,0,34,0,25,u-to-c,1226,exon,coding,TAA,1,STOP-to-Gln
rpoA,323,C,61,0,8,0,53,c-to-u,1226,exon,coding,TCA,2,Ser-to-Leu
rpoA,362,C,105,0,14,0,91,c-to-u,1226,exon,coding,ACA,2,Thr-to-Ile
rpoA,596,C,32,0,2,0,30,c-to-u,1226,exon,coding,TCA,2,Ser-to-Leu
rpoB,127,T,20,0,4,0,16,u-to-c,3422,exon,coding,TGA,1,STOP-to-Arg
rpoB,215,C,13,0,11,0,2,c-to-u,3422,exon,coding,CCA,2,Pro-to-Leu
rpoB,455,C,11,0,4,0,7,c-to-u,3422,exon,coding,CCA,2,Pro-to-Leu
rpoB,527,C,65,0,32,0,33,c-to-u,3422,exon,coding,CCA,2,Pro-to-Leu
rpoB,644,C,8,0,6,0,2,c-to-u,3422,exon,coding,GCA,2,Ala-to-Val
rpoB,718,T,5,0,1,0,4,u-to-c,3422,exon,coding,TAA,1,STOP-to-Gln
rpoB,818,C,16,0,12,0,4,c-to-u,3422,exon,coding,TCG,2,Ser-to-Leu
rpoB,988,T,20,0,7,0,13,u-to-c,3422,exon,coding,TAA,1,STOP-to-Gln
rpoB,1082,C,3,0,2,0,1,c-to-u,3422,exon,coding,TCC,2,Ser-to-Phe
rpoB,1515,C,15,0,10,0,5,c-to-u,3422,exon,coding,GTC,3,Silent
rpoB,1694,C,18,0,9,0,9,c-to-u,3422,exon,coding,TCG,2,Ser-to-Leu
rpoB,1955,C,17,0,11,0,6,c-to-u,3422,exon,coding,CCA,2,Pro-to-Leu
rpoC1,2022,C,0,0,0,0,0,NA,3005,exon,coding,GCC,3,NA
rpoC1,2024,C,0,0,0,0,0,NA,3005,exon,coding,GCT,2,NA
rpoC1,2025,T,0,0,0,0,0,NA,3005,exon,coding,GCT,3,NA
rpoB,2285,C,77,0,45,0,32,c-to-u,3422,exon,coding,TCA,2,Ser-to-Leu
rpoB,2720,C,68,0,33,0,35,c-to-u,3422,exon,coding,CCT,2,Pro-to-Leu
rpoB,2987,C,27,0,15,0,12,c-to-u,3422,exon,coding,TCA,2,Ser-to-Leu
rpoC2,10,C,0,0,0,0,0,NA,4484,exon,coding,CAC,1,NA
rpoC1,115,T,14,0,9,0,5,u-to-c,3005,exon,coding,TAA,1,STOP-to-Gln
rpoC1,386,C,16,0,8,0,8,c-to-u,3005,exon,coding,CCA,2,Pro-to-Leu
rpoC1,419,C,8,0,2,0,6,c-to-u,3005,exon,coding,CCA,2,Pro-to-Leu
rpoC1,1676,C,14,0,7,0,7,c-to-u,3005,exon,coding,CCA,2,Pro-to-Leu
rpoC1,1781,C,6,0,5,0,1,c-to-u,3005,exon,coding,ACG,2,Thr-to-Met
rpoC1,1996,T,17,0,11,0,6,u-to-c,3005,exon,coding,TAA,1,STOP-to-Gln
rpoC2,2384,C,0,0,0,0,0,NA,4484,exon,coding,ACG,2,NA
rpoC2,2386,C,0,0,0,0,0,NA,4484,exon,coding,CAA,1,NA
rpoC2,2392,C,0,0,0,0,0,NA,4484,exon,coding,CGA,1,NA
rpoC2,2396,C,0,0,0,0,0,NA,4484,exon,coding,GCA,2,NA
rpoC2,2402,C,0,0,0,0,0,NA,4484,exon,coding,GCT,2,NA
rpoC2,2403,T,0,0,0,0,0,NA,4484,exon,coding,GCT,3,NA
rpoC2,2408,T,0,0,0,0,0,NA,4484,exon,coding,ATC,2,NA
rpoC2,2409,C,0,0,0,0,0,NA,4484,exon,coding,ATC,3,NA
rpoC2,2410,C,0,0,0,0,0,NA,4484,exon,coding,CTT,1,NA
rpoC2,2411,T,0,0,0,0,0,NA,4484,exon,coding,CTT,2,NA
rpoC2,2412,T,0,0,0,0,0,NA,4484,exon,coding,CTT,3,NA
rpoC2,2413,T,0,0,0,0,0,NA,4484,exon,coding,TTA,1,NA
rpoC2,2414,T,0,0,0,0,0,NA,4484,exon,coding,TTA,2,NA
rpoC2,2416,T,0,0,0,0,0,NA,4484,exon,coding,TTT,1,NA
rpoC2,2417,T,0,0,0,0,0,NA,4484,exon,coding,TTT,2,NA
rpoC2,2418,T,0,0,0,0,0,NA,4484,exon,coding,TTT,3,NA
rpoC2,2420,T,0,0,0,0,0,NA,4484,exon,coding,ATT,2,NA
rpoC2,2421,T,0,0,0,0,0,NA,4484,exon,coding,ATT,3,NA
rpoC2,2422,T,0,0,0,0,0,NA,4484,exon,coding,TGC,1,NA
rpoC2,2424,C,0,0,0,0,0,NA,4484,exon,coding,TGC,3,NA
rpoC2,2425,T,0,0,0,0,0,NA,4484,exon,coding,TTT,1,NA
rpoC2,2426,T,0,0,0,0,0,NA,4484,exon,coding,TTT,2,NA
rpoC2,2624,C,0,0,0,0,0,NA,4484,exon,coding,CCC,2,NA
rpoC2,2625,C,0,0,0,0,0,NA,4484,exon,coding,CCC,3,NA
rpoC2,2626,C,0,0,0,0,0,NA,4484,exon,coding,CCC,1,NA
rpoC2,2627,C,0,0,0,0,0,NA,4484,exon,coding,CCC,2,NA
rpoC2,2628,C,0,0,0,0,0,NA,4484,exon,coding,CCC,3,NA
rpoC2,2632,C,0,0,0,0,0,NA,4484,exon,coding,CGG,1,NA
rpoC2,2759,T,0,0,0,0,0,NA,4484,exon,coding,TTG,2,NA
rpoC2,2761,T,0,0,0,0,0,NA,4484,exon,coding,TTG,1,NA
rpoC2,2762,T,0,0,0,0,0,NA,4484,exon,coding,TTG,2,NA
rpoC1,2215,C,12,0,4,0,8,c-to-u,3005,exon,coding,CTT,1,Leu-to-Phe
rpoC1,2523,C,15,0,0,0,15,c-to-u,3005,exon,coding,TTC,3,Silent
rpoC2,848,C,7,0,2,0,5,c-to-u,4484,exon,coding,TCG,2,Ser-to-Leu
rpoC2,937,T,11,0,3,0,8,u-to-c,4484,exon,coding,TAT,1,Tyr-to-His
rpoC2,1758,C,34,0,28,0,6,c-to-u,4484,exon,coding,TTC,3,Silent
rpoC2,1812,C,23,0,16,0,7,c-to-u,4484,exon,coding,ACC,3,Silent
rpoC2,3750,C,18,0,15,0,3,c-to-u,4484,exon,coding,TCC,3,Silent
rpoC2,3793,T,8,0,3,0,5,u-to-c,4484,exon,coding,TGT,1,Cys-to-Arg
rps11,324,C,270,0,210,0,60,c-to-u,596,exon,coding,ATC,3,Silent
rps12,224,C,145,0,35,0,110,c-to-u,775,exon,coding,TCG,2,Ser-to-Leu
rps14,248,C,772,0,137,2,633,c-to-u,503,exon,coding,CCC,2,Pro-to-Leu
rps2,16,C,18,0,3,0,15,c-to-u,917,exon,coding,CGG,1,Arg-to-Trp
rps2,161,C,157,0,14,0,143,c-to-u,917,exon,coding,TCA,2,Ser-to-Leu
rps2,430,T,345,0,251,0,94,u-to-c,917,exon,coding,TAA,1,STOP-to-Gln
rps2,497,C,265,0,26,0,239,c-to-u,917,exon,coding,ACA,2,Thr-to-Ile
rps2,500,C,264,0,21,0,243,c-to-u,917,exon,coding,ACT,2,Thr-to-Ile
rps2,661,C,127,0,76,0,51,c-to-u,917,exon,coding,CCA,1,Pro-to-Ser
rps2,662,C,124,0,15,0,109,c-to-u,917,exon,coding,CCA,2,Pro-to-Leu
rps3,46,T,68,0,9,0,59,u-to-c,854,exon,coding,TAA,1,STOP-to-Gln
rps3,55,C,69,0,12,0,57,c-to-u,854,exon,coding,CAT,1,His-to-Tyr
rps3,97,C,68,0,59,0,9,c-to-u,854,exon,coding,CTT,1,Leu-to-Phe
rps7,139,T,171,0,115,0,56,u-to-c,653,exon,coding,TAA,1,STOP-to-Gln
rps7,281,C,171,0,19,0,152,c-to-u,653,exon,coding,TCG,2,Ser-to-Leu
rps7,296,C,185,0,14,0,171,c-to-u,653,exon,coding,TCA,2,Ser-to-Leu
ycf1,2107,T,0,0,0,0,0,NA,5321,exon,coding,TTA,1,NA
ycf1,2108,T,0,0,0,0,0,NA,5321,exon,coding,TTA,2,NA
ycf1,2110,T,0,0,0,0,0,NA,5321,exon,coding,TTA,1,NA
ycf1,2111,T,0,0,0,0,0,NA,5321,exon,coding,TTA,2,NA
ycf1,2115,C,0,0,0,0,0,NA,5321,exon,coding,AAC,3,NA
ycf1,2118,T,0,0,0,0,0,NA,5321,exon,coding,AAT,3,NA
ycf1,2120,T,0,0,0,0,0,NA,5321,exon,coding,ATC,2,NA
ycf1,2121,C,0,0,0,0,0,NA,5321,exon,coding,ATC,3,NA
ycf1,2122,C,0,0,0,0,0,NA,5321,exon,coding,CCG,1,NA
ycf1,2123,C,0,0,0,0,0,NA,5321,exon,coding,CCG,2,NA
ycf1,2126,T,0,0,0,0,0,NA,5321,exon,coding,ATT,2,NA
ycf1,2127,T,0,0,0,0,0,NA,5321,exon,coding,ATT,3,NA
ycf1,2129,C,0,0,0,0,0,NA,5321,exon,coding,ACC,2,NA
ycf1,2130,C,0,0,0,0,0,NA,5321,exon,coding,ACC,3,NA
ycf1,2131,T,0,0,0,0,0,NA,5321,exon,coding,TTA,1,NA
ycf1,2132,T,0,0,0,0,0,NA,5321,exon,coding,TTA,2,NA
ycf1,2134,C,0,0,0,0,0,NA,5321,exon,coding,CCT,1,NA
ycf1,2135,C,0,0,0,0,0,NA,5321,exon,coding,CCT,2,NA
ycf1,2136,T,0,0,0,0,0,NA,5321,exon,coding,CCT,3,NA
ycf1,2210,T,0,0,0,0,0,NA,5321,exon,coding,ATT,2,NA
ycf1,2211,T,0,0,0,0,0,NA,5321,exon,coding,ATT,3,NA
ycf1,2212,C,0,0,0,0,0,NA,5321,exon,coding,CAT,1,NA
ycf1,2214,T,0,0,0,0,0,NA,5321,exon,coding,CAT,3,NA
ycf1,2217,C,0,0,0,0,0,NA,5321,exon,coding,AAC,3,NA
ycf1,2227,T,0,0,0,0,0,NA,5321,exon,coding,TAT,1,NA
ycf1,2229,T,0,0,0,0,0,NA,5321,exon,coding,TAT,3,NA
ycf1,2230,C,0,0,0,0,0,NA,5321,exon,coding,CTG,1,NA
ycf1,2231,T,0,0,0,0,0,NA,5321,exon,coding,CTG,2,NA
ycf1,2233,T,0,0,0,0,0,NA,5321,exon,coding,TTA,1,NA
ycf1,2234,T,0,0,0,0,0,NA,5321,exon,coding,TTA,2,NA
rps8,134,C,59,0,17,0,42,c-to-u,599,exon,coding,CCA,2,Pro-to-Leu
rps8,317,C,45,0,4,0,41,c-to-u,599,exon,coding,TCA,2,Ser-to-Leu
rps8,383,C,16,0,2,0,14,c-to-u,599,exon,coding,CCG,2,Pro-to-Leu
ycf1,17,C,57,0,49,0,8,c-to-u,5321,exon,coding,ACG,2,Thr-to-Met
ycf1,653,C,18,0,10,0,8,c-to-u,5321,exon,coding,TCT,2,Ser-to-Phe
ycf1,4512,T,0,0,0,0,0,NA,5321,exon,coding,GAT,3,NA
ycf1,4513,T,0,0,0,0,0,NA,5321,exon,coding,TCA,1,NA
ycf1,4514,C,0,0,0,0,0,NA,5321,exon,coding,TCA,2,NA
ycf1,4790,T,0,0,0,0,0,NA,5321,exon,coding,ATT,2,NA
ycf1,4791,T,0,0,0,0,0,NA,5321,exon,coding,ATT,3,NA
ycf1,4794,C,0,0,0,0,0,NA,5321,exon,coding,GAC,3,NA
ycf1,4797,T,0,0,0,0,0,NA,5321,exon,coding,GAT,3,NA
ycf1,4798,C,0,0,0,0,0,NA,5321,exon,coding,CTA,1,NA
ycf1,4799,T,0,0,0,0,0,NA,5321,exon,coding,CTA,2,NA
ycf1,4801,C,0,0,0,0,0,NA,5321,exon,coding,CTA,1,NA
ycf1,4802,T,0,0,0,0,0,NA,5321,exon,coding,CTA,2,NA
ycf1,4804,C,0,0,0,0,0,NA,5321,exon,coding,CTA,1,NA
ycf1,4805,T,0,0,0,0,0,NA,5321,exon,coding,CTA,2,NA
ycf1,4807,C,0,0,0,0,0,NA,5321,exon,coding,CCA,1,NA
ycf1,4808,C,0,0,0,0,0,NA,5321,exon,coding,CCA,2,NA
ycf1,4813,C,0,0,0,0,0,NA,5321,exon,coding,CGG,1,NA
ycf1,4816,C,0,0,0,0,0,NA,5321,exon,coding,CGA,1,NA
ycf1,4819,T,0,0,0,0,0,NA,5321,exon,coding,TGG,1,NA
ycf1,4930,T,0,0,0,0,0,NA,5321,exon,coding,TCG,1,NA
ycf1,4931,C,0,0,0,0,0,NA,5321,exon,coding,TCG,2,NA
ycf1,3305,C,12,0,8,0,4,c-to-u,5321,exon,coding,TCA,2,Ser-to-Leu
ycf1,3325,T,9,0,3,0,6,u-to-c,5321,exon,coding,TTT,1,Phe-to-Leu
ycf2,187,T,132,0,21,0,111,u-to-c,6530,exon,coding,TGA,1,STOP-to-Arg
ycf2,3569,C,7,0,2,0,5,c-to-u,6530,exon,coding,TCC,2,Ser-to-Phe
ycf2,3574,C,15,0,12,0,3,c-to-u,6530,exon,coding,CAT,1,His-to-Tyr
ycf2,3578,C,16,0,11,0,5,c-to-u,6530,exon,coding,TCG,2,Ser-to-Leu
ycf2,4008,T,0,0,0,0,0,NA,6530,exon,coding,CCT,3,NA
ycf2,4010,C,0,0,0,0,0,NA,6530,exon,coding,GCG,2,NA
ycf2,4018,T,0,0,0,0,0,NA,6530,exon,coding,TGG,1,NA
ycf2,4022,C,0,0,0,0,0,NA,6530,exon,coding,GCT,2,NA
ycf2,4023,T,0,0,0,0,0,NA,6530,exon,coding,GCT,3,NA
ycf2,4024,T,0,0,0,0,0,NA,6530,exon,coding,TTT,1,NA
ycf2,4025,T,0,0,0,0,0,NA,6530,exon,coding,TTT,2,NA
ycf2,4026,T,0,0,0,0,0,NA,6530,exon,coding,TTT,3,NA
ycf2,3667,T,2,0,1,0,1,u-to-c,6530,exon,coding,TAA,1,STOP-to-Gln
ycf2,4547,C,6,0,1,0,5,c-to-u,6530,exon,coding,TCA,2,Ser-to-Leu
ycf2,4570,T,8,0,4,0,4,u-to-c,6530,exon,coding,TAA,1,STOP-to-Gln
ycf3,53,C,13,0,3,0,10,c-to-u,2131,exon,coding,CCA,2,Pro-to-Leu
ycf3,64,C,17,0,14,0,3,c-to-u,2131,exon,coding,CTG,1,Leu-to-Phe
ycf3,68,C,16,0,3,0,13,c-to-u,2131,exon,coding,ACA,2,Thr-to-Ile
ycf3,105,C,13,0,8,0,5,c-to-u,2131,exon,coding,GCC,3,Silent
ycf3,910,C,152,0,48,0,104,c-to-u,2131,exon,coding,CCA,2,Pro-to-Leu
ycf3,1098,C,108,0,33,0,75,c-to-u,2131,exon,coding,CAC,1,His-to-Tyr
ycf3,1851,C,138,0,26,0,112,c-to-u,2131,exon,coding,CGG,1,Arg-to-Trp