"","gene","position","ref","coverage","a","c","g","t","edit","gene_length","genic_region","coding","codon_seq","codon","AA_change"
"102","accD",2,"C",179,0,117,0,62,"c-to-u",1124,"exon","coding","ACG",2,"Thr-to-Met (Start Codon)"
"311","accD",211,"C",100,0,12,0,88,"c-to-u",1124,"exon","coding","CGT",1,"Arg-to-Cys"
"357","accD",257,"C",107,0,25,1,81,"c-to-u",1124,"exon","coding","TCA",2,"Ser-to-Leu"
"396","accD",296,"C",103,0,15,0,88,"c-to-u",1124,"exon","coding","ACG",2,"Thr-to-Met"
"437","accD",337,"C",112,1,12,0,99,"c-to-u",1124,"exon","coding","CAT",1,"His-to-Tyr"
"830","accD",730,"T",114,0,80,0,34,"u-to-c",1124,"exon","coding","TCT",1,"Ser-to-Pro"
"921","accD",821,"C",100,0,59,0,41,"c-to-u",1124,"exon","coding","TCA",2,"Ser-to-Leu"
"945","accD",845,"C",80,0,46,0,34,"c-to-u",1124,"exon","coding","TCG",2,"Ser-to-Leu"
"996","accD",896,"C",75,1,23,0,51,"c-to-u",1124,"exon","coding","CCT",2,"Pro-to-Leu"
"1278","atpA",54,"C",512,0,129,0,383,"c-to-u",1724,"exon","coding","ATC",3,"Silent"
"1394","atpA",170,"C",799,0,64,0,735,"c-to-u",1724,"exon","coding","TCT",2,"Ser-to-Phe"
"1421","atpA",197,"C",1118,0,89,0,1029,"c-to-u",1724,"exon","coding","TCG",2,"Ser-to-Leu"
"1454","atpA",230,"C",864,0,55,0,809,"c-to-u",1724,"exon","coding","TCG",2,"Ser-to-Leu"
"1457","atpA",233,"C",862,0,42,3,817,"c-to-u",1724,"exon","coding","ACG",2,"Thr-to-Met"
"2104","atpA",880,"C",371,0,27,0,344,"c-to-u",1724,"exon","coding","CAT",1,"His-to-Tyr"
"2251","atpA",1027,"T",564,0,419,1,144,"u-to-c",1724,"exon","coding","TAA",1,"STOP-to-Gln"
"2255","atpA",1031,"C",318,0,29,1,288,"c-to-u",1724,"exon","coding","ACA",2,"Thr-to-Ile"
"2573","atpA",1349,"C",397,0,19,0,378,"c-to-u",1724,"exon","coding","TCA",2,"Ser-to-Leu"
"2672","atpA",1448,"C",511,0,20,0,491,"c-to-u",1724,"exon","coding","TCT",2,"Ser-to-Phe"
"3046","atpB",98,"C",512,0,54,1,457,"c-to-u",1682,"exon","coding","TCT",2,"Ser-to-Phe"
"3418","atpB",470,"C",240,0,24,0,216,"c-to-u",1682,"exon","coding","TCA",2,"Ser-to-Leu"
"3490","atpB",542,"C",389,0,21,0,368,"c-to-u",1682,"exon","coding","ACG",2,"Thr-to-Met"
"3496","atpB",548,"C",354,0,6,0,348,"c-to-u",1682,"exon","coding","TCG",2,"Ser-to-Leu"
"3589","atpB",641,"C",427,1,41,1,384,"c-to-u",1682,"exon","coding","ACG",2,"Thr-to-Met"
"3607","atpB",659,"C",424,0,13,0,411,"c-to-u",1682,"exon","coding","ACT",2,"Thr-to-Ile"
"3694","atpB",746,"C",361,0,53,1,307,"c-to-u",1682,"exon","coding","TCA",2,"Ser-to-Leu"
"4329","atpB",1381,"C",277,0,8,0,269,"c-to-u",1682,"exon","coding","CCA",1,"Pro-to-Ser"
"4365","atpB",1417,"C",136,0,15,0,121,"c-to-u",1682,"exon","coding","CAT",1,"His-to-Tyr"
"4369","atpB",1421,"C",128,0,10,0,118,"c-to-u",1682,"exon","coding","CCA",2,"Pro-to-Leu"
"4681","atpE",51,"C",342,0,74,0,268,"c-to-u",599,"exon","coding","TCC",3,"Silent"
"4688","atpE",58,"T",355,0,298,0,57,"u-to-c",599,"exon","coding","TGG",1,"Trp-to-Arg"
"4776","atpE",146,"C",341,0,39,0,302,"c-to-u",599,"exon","coding","TCA",2,"Ser-to-Leu"
"5231","atpF",2,"C",286,0,198,0,88,"c-to-u",1416,"exon","coding","ACG",2,"Thr-to-Met (Start Codon)"
"6647","atpH",2,"C",618,0,98,0,520,"c-to-u",446,"exon","coding","ACG",2,"Thr-to-Met (Start Codon)"
"6815","atpH",170,"C",495,0,27,0,468,"c-to-u",446,"exon","coding","TCA",2,"Ser-to-Leu"
"6866","atpH",221,"C",1086,0,53,0,1033,"c-to-u",446,"exon","coding","CCG",2,"Pro-to-Leu"
"6869","atpH",224,"C",1080,0,77,1,1002,"c-to-u",446,"exon","coding","TCA",2,"Ser-to-Leu"
"6883","atpH",238,"C",1022,0,44,0,978,"c-to-u",446,"exon","coding","CCT",1,"Pro-to-Ser"
"6884","atpH",239,"C",1022,0,48,1,973,"c-to-u",446,"exon","coding","CCT",2,"Pro-to-Leu"
"7132","atpI",41,"C",296,0,48,0,248,"c-to-u",947,"exon","coding","CCA",2,"Pro-to-Leu"
"7161","atpI",70,"T",258,0,215,0,43,"u-to-c",947,"exon","coding","TAA",1,"STOP-to-Gln"
"7324","atpI",233,"C",473,0,15,1,457,"c-to-u",947,"exon","coding","TCT",2,"Ser-to-Phe"
"7336","atpI",245,"C",348,1,78,0,269,"c-to-u",947,"exon","coding","TCA",2,"Ser-to-Leu"
"7402","atpI",311,"C",384,0,20,0,364,"c-to-u",947,"exon","coding","CCA",2,"Pro-to-Leu"
"7576","atpI",485,"C",570,0,30,0,540,"c-to-u",947,"exon","coding","TCT",2,"Ser-to-Phe"
"7632","atpI",541,"C",276,0,6,0,270,"c-to-u",947,"exon","coding","CTC",1,"Leu-to-Phe"
"7705","atpI",614,"C",398,0,27,0,371,"c-to-u",947,"exon","coding","CCG",2,"Pro-to-Leu"
"7741","atpI",650,"C",292,0,26,0,266,"c-to-u",947,"exon","coding","ACG",2,"Thr-to-Met"
"7756","atpI",665,"C",304,0,96,0,208,"c-to-u",947,"exon","coding","TCG",2,"Ser-to-Leu"
"8427","ccsA",389,"C",403,0,51,0,352,"c-to-u",1163,"exon","coding","TCG",2,"Ser-to-Leu"
"8484","ccsA",446,"C",182,0,40,0,142,"c-to-u",1163,"exon","coding","TCA",2,"Ser-to-Leu"
"10361","cemA",1160,"C",191,0,19,0,172,"c-to-u",1649,"exon","coding","TCA",2,"Ser-to-Leu"
"10369","cemA",1168,"C",232,0,12,0,220,"c-to-u",1649,"exon","coding","CGG",1,"Arg-to-Trp"
"10398","cemA",1197,"T",326,0,81,0,245,"u-to-c",1649,"exon","coding","AAT",3,"Silent"
"10534","cemA",1333,"C",243,0,78,0,165,"c-to-u",1649,"exon","coding","CGC",1,"Arg-to-Cys"
"10916","chlB",66,"C",140,0,87,0,53,"c-to-u",1745,"exon","coding","TCC",3,"Silent"
"10962","chlB",112,"C",137,0,28,0,109,"c-to-u",1745,"exon","coding","CAC",1,"His-to-Tyr"
"11100","chlB",250,"T",189,0,106,0,83,"u-to-c",1745,"exon","coding","TAA",1,"STOP-to-Gln"
"11371","chlB",521,"C",278,0,51,0,227,"c-to-u",1745,"exon","coding","CCA",2,"Pro-to-Leu"
"11416","chlB",566,"C",232,0,32,0,200,"c-to-u",1745,"exon","coding","TCC",2,"Ser-to-Phe"
"11417","chlB",567,"C",230,0,30,0,200,"c-to-u",1745,"exon","coding","TCC",3,"Silent"
"11425","chlB",575,"C",229,0,27,0,202,"c-to-u",1745,"exon","coding","TCG",2,"Ser-to-Leu"
"12169","chlB",1319,"C",138,0,54,0,84,"c-to-u",1745,"exon","coding","TCG",2,"Ser-to-Leu"
"12597","chlL",2,"C",525,1,74,1,449,"c-to-u",1079,"exon","coding","ACG",2,"Thr-to-Met (Start Codon)"
"12732","chlL",137,"C",483,0,29,1,453,"c-to-u",1079,"exon","coding","TCA",2,"Ser-to-Leu"
"12924","chlL",329,"C",279,0,16,0,263,"c-to-u",1079,"exon","coding","TCA",2,"Ser-to-Leu"
"12957","chlL",362,"C",306,0,9,0,297,"c-to-u",1079,"exon","coding","TCT",2,"Ser-to-Phe"
"13156","chlL",561,"C",490,0,430,0,60,"c-to-u",1079,"exon","coding","CTC",3,"Silent"
"13841","chlN",167,"C",259,0,7,0,252,"c-to-u",1592,"exon","coding","ACG",2,"Thr-to-Met"
"14957","chlN",1283,"C",766,1,74,2,689,"c-to-u",1592,"exon","coding","TCC",2,"Ser-to-Phe"
"14958","chlN",1284,"C",769,0,485,0,284,"c-to-u",1592,"exon","coding","TCC",3,"Silent"
"16138","clpP",872,"C",219,0,74,1,144,"c-to-u",2206,"exon","coding","CCA",2,"Pro-to-Leu"
"16349","clpP",1083,"C",424,0,71,0,353,"c-to-u",2206,"exon","coding","TTC",3,"Silent"
"17109","clpP",1843,"C",181,0,35,0,146,"c-to-u",2206,"exon","coding","GCG",2,"Ala-to-Val"
"17238","clpP",1972,"C",78,0,19,0,59,"c-to-u",2206,"exon","coding","GCG",2,"Ala-to-Val"
"17539","infA",67,"T",200,1,162,0,37,"u-to-c",443,"exon","coding","TGA",1,"STOP-to-Arg"
"17593","infA",121,"T",269,0,159,0,110,"u-to-c",443,"exon","coding","TGA",1,"STOP-to-Arg"
"17636","infA",164,"C",308,0,119,1,188,"c-to-u",443,"exon","coding","ACC",2,"Thr-to-Ile"
"17917","matK",2,"C",33,0,20,0,13,"c-to-u",1685,"exon","coding","ACG",2,"Thr-to-Met (Start Codon)"
"18016","matK",101,"C",29,0,10,0,19,"c-to-u",1685,"exon","coding","CCG",2,"Pro-to-Leu"
"18172","matK",257,"C",64,0,14,0,50,"c-to-u",1685,"exon","coding","ACA",2,"Thr-to-Ile"
"18391","matK",476,"C",128,1,101,0,26,"c-to-u",1685,"exon","coding","CCA",2,"Pro-to-Leu"
"19760","ndhA",160,"T",152,0,99,0,53,"u-to-c",2149,"exon","coding","TGA",1,"STOP-to-Arg"
"19986","ndhA",386,"C",110,0,8,0,102,"c-to-u",2149,"exon","coding","TCG",2,"Ser-to-Leu"
"21223","ndhA",1623,"C",116,0,13,0,103,"c-to-u",2149,"exon","coding","CAC",1,"His-to-Tyr"
"21269","ndhA",1669,"C",142,0,17,0,125,"c-to-u",2149,"exon","coding","CCA",2,"Pro-to-Leu"
"21841","ndhB",92,"C",4,0,0,0,4,"c-to-u",2485,"exon","coding","ACT",2,"Thr-to-Ile"
"22246","ndhB",497,"C",53,0,7,0,46,"c-to-u",2485,"exon","coding","ACG",2,"Thr-to-Met"
"23687","ndhB",1938,"C",222,0,93,0,129,"c-to-u",2485,"exon","coding","CGT",1,"Arg-to-Cys"
"23694","ndhB",1945,"C",226,0,101,0,125,"c-to-u",2485,"exon","coding","CCA",2,"Pro-to-Leu"
"23772","ndhB",2023,"C",280,0,62,0,218,"c-to-u",2485,"exon","coding","TCG",2,"Ser-to-Leu"
"23844","ndhB",2095,"C",391,0,106,0,285,"c-to-u",2485,"exon","coding","TCA",2,"Ser-to-Leu"
"24242","ndhC",8,"C",148,0,103,0,45,"c-to-u",563,"exon","coding","CCA",2,"Pro-to-Leu"
"24449","ndhC",215,"C",140,0,54,0,86,"c-to-u",563,"exon","coding","TCC",2,"Ser-to-Phe"
"24524","ndhC",290,"C",102,0,41,0,61,"c-to-u",563,"exon","coding","GCT",2,"Ala-to-Val"
"24584","ndhC",350,"C",12,0,2,0,10,"c-to-u",563,"exon","coding","CCG",2,"Pro-to-Leu"
"24952","ndhD",155,"C",190,0,22,0,168,"c-to-u",1712,"exon","coding","TCT",2,"Ser-to-Phe"
"25105","ndhD",308,"C",182,0,25,0,157,"c-to-u",1712,"exon","coding","TCA",2,"Ser-to-Leu"
"25399","ndhD",602,"C",304,0,50,0,254,"c-to-u",1712,"exon","coding","TCA",2,"Ser-to-Leu"
"26170","ndhD",1373,"C",73,0,13,0,60,"c-to-u",1712,"exon","coding","CCC",2,"Pro-to-Leu"
"26511","ndhE",2,"C",209,0,116,0,93,"c-to-u",500,"exon","coding","ACG",2,"Thr-to-Met (Start Codon)"
"26613","ndhE",104,"C",142,0,37,0,105,"c-to-u",500,"exon","coding","CCA",2,"Pro-to-Leu"
"27413","ndhF",404,"C",81,0,11,0,70,"c-to-u",2381,"exon","coding","TCA",2,"Ser-to-Leu"
"27631","ndhF",622,"T",302,0,209,0,93,"u-to-c",2381,"exon","coding","TGA",1,"STOP-to-Arg"
"29710","ndhG",320,"C",157,0,33,0,124,"c-to-u",794,"exon","coding","TCT",2,"Ser-to-Phe"
"29749","ndhG",359,"T",212,0,145,0,67,"u-to-c",794,"exon","coding","TTT",2,"Phe-to-Ser"
"30186","ndhH",2,"C",231,0,158,0,73,"c-to-u",1385,"exon","coding","ACG",2,"Thr-to-Met (Start Codon)"
"31667","ndhI",98,"C",192,0,18,0,174,"c-to-u",677,"exon","coding","TCA",2,"Ser-to-Leu"
"32410","ndhJ",164,"C",201,0,56,0,145,"c-to-u",713,"exon","coding","TCA",2,"Ser-to-Leu"
"32539","ndhJ",293,"C",178,0,49,0,129,"c-to-u",713,"exon","coding","ACA",2,"Thr-to-Ile"
"32586","ndhJ",340,"C",199,0,140,0,59,"c-to-u",713,"exon","coding","CGG",1,"Arg-to-Trp"
"32757","ndhJ",511,"C",103,0,35,0,68,"c-to-u",713,"exon","coding","CAA",1,"Gln-to-STOP"
"33297","ndhK",338,"C",122,0,22,0,100,"c-to-u",950,"exon","coding","CCA",2,"Pro-to-Leu"
"34177","petA",268,"T",502,0,349,0,153,"u-to-c",1163,"exon","coding","TAG",1,"STOP-to-Gln"
"34186","petA",277,"T",484,0,466,1,17,"u-to-c",1163,"exon","coding","TAA",1,"STOP-to-Gln"
"34442","petA",533,"C",306,0,15,0,291,"c-to-u",1163,"exon","coding","TCA",2,"Ser-to-Leu"
"36274","petB",1202,"C",889,0,8,0,881,"c-to-u",1547,"exon","coding","TCA",2,"Ser-to-Leu"
"36364","petB",1292,"C",699,0,42,0,657,"c-to-u",1547,"exon","coding","TCT",2,"Ser-to-Phe"
"36405","petB",1333,"C",386,2,8,0,376,"c-to-u",1547,"exon","coding","CCG",1,"Pro-to-Ser"
"37381","petD",762,"C",723,0,38,0,685,"c-to-u",1386,"exon","coding","CCA",2,"Pro-to-Leu"
"37570","petD",951,"C",1007,0,280,0,727,"c-to-u",1386,"exon","coding","TCA",2,"Ser-to-Leu"
"37594","petD",975,"C",1001,0,25,0,976,"c-to-u",1386,"exon","coding","TCA",2,"Ser-to-Leu"
"37684","petD",1065,"C",728,1,364,0,363,"c-to-u",1386,"exon","coding","GCG",2,"Ala-to-Val"
"37699","petD",1080,"C",624,0,34,1,589,"c-to-u",1386,"exon","coding","TCA",2,"Ser-to-Leu"
"37752","petD",1133,"C",399,0,20,0,379,"c-to-u",1386,"exon","coding","CAG",1,"Gln-to-STOP"
"38034","petG",29,"C",865,0,201,0,664,"c-to-u",314,"exon","coding","GCG",2,"Ala-to-Val"
"38043","petG",38,"C",856,0,161,0,695,"c-to-u",314,"exon","coding","TCG",2,"Ser-to-Leu"
"38330","petL",11,"C",794,0,517,1,276,"c-to-u",296,"exon","coding","TCA",2,"Ser-to-Leu"
"42122","psaB",764,"C",1906,0,36,0,1870,"c-to-u",2405,"exon","coding","CCA",2,"Pro-to-Leu"
"44606","psaJ",86,"C",347,0,24,0,323,"c-to-u",329,"exon","coding","ACA",2,"Thr-to-Ile"
"46113","psbB",2,"C",820,0,34,2,784,"c-to-u",1727,"exon","coding","ACG",2,"Thr-to-Met (Start Codon)"
"46227","psbB",116,"C",1121,0,11,0,1110,"c-to-u",1727,"exon","coding","TCA",2,"Ser-to-Leu"
"50796","psbE",110,"C",3460,1,590,0,2869,"c-to-u",452,"exon","coding","TCT",2,"Ser-to-Phe"
"52225","psbJ",31,"C",2871,3,254,5,2609,"c-to-u",323,"exon","coding","CGG",1,"Arg-to-Trp"
"52965","psbL",71,"C",2180,1,105,0,2074,"c-to-u",317,"exon","coding","CCG",2,"Pro-to-Leu"
"52989","psbL",95,"C",2804,1,398,0,2405,"c-to-u",317,"exon","coding","TCT",2,"Ser-to-Phe"
"53213","psbM",2,"C",2486,0,350,3,2133,"c-to-u",308,"exon","coding","ACG",2,"Thr-to-Met (Start Codon)"
"53527","psbN",8,"C",399,0,199,2,198,"c-to-u",338,"exon","coding","ACG",2,"Thr-to-Met"
"53542","psbN",23,"C",425,0,116,0,309,"c-to-u",338,"exon","coding","TCA",2,"Ser-to-Leu"
"53557","psbN",38,"C",430,0,314,0,116,"c-to-u",338,"exon","coding","ACA",2,"Thr-to-Ile"
"53898","psbT",41,"C",2324,0,84,2,2238,"c-to-u",305,"exon","coding","TCA",2,"Ser-to-Leu"
"54332","psbZ",170,"C",1084,1,189,0,894,"c-to-u",389,"exon","coding","TCA",2,"Ser-to-Leu"
"56235","rpl14",56,"C",113,0,34,0,79,"c-to-u",569,"exon","coding","CCA",2,"Pro-to-Leu"
"56364","rpl14",185,"C",232,0,36,0,196,"c-to-u",569,"exon","coding","GCA",2,"Ala-to-Val"
"56369","rpl14",190,"T",246,0,155,0,91,"u-to-c",569,"exon","coding","TGT",1,"Cys-to-Arg"
"58046","rpl2",179,"C",349,0,85,0,264,"c-to-u",1730,"exon","coding","TCA",2,"Ser-to-Leu"
"59023","rpl2",1156,"T",91,0,66,0,25,"u-to-c",1730,"exon","coding","TAA",1,"STOP-to-Gln"
"60468","rpl21",314,"C",104,0,53,0,51,"c-to-u",557,"exon","coding","ACA",2,"Thr-to-Ile"
"60780","rpl22",69,"C",114,0,43,0,71,"c-to-u",569,"exon","coding","CTC",3,"Silent"
"60839","rpl22",128,"C",182,0,63,0,119,"c-to-u",569,"exon","coding","TCA",2,"Ser-to-Leu"
"61282","rpl23",2,"C",110,1,62,0,47,"c-to-u",482,"exon","coding","ACG",2,"Thr-to-Met (Start Codon)"
"61429","rpl23",149,"C",246,0,64,0,182,"c-to-u",482,"exon","coding","ACA",2,"Thr-to-Ile"
"63101","rpoA",241,"T",153,0,34,0,119,"u-to-c",1226,"exon","coding","TAA",1,"STOP-to-Gln"
"63183","rpoA",323,"C",213,0,38,0,175,"c-to-u",1226,"exon","coding","TCA",2,"Ser-to-Leu"
"63222","rpoA",362,"C",220,0,27,0,193,"c-to-u",1226,"exon","coding","ACA",2,"Thr-to-Ile"
"63456","rpoA",596,"C",283,0,30,0,253,"c-to-u",1226,"exon","coding","TCA",2,"Ser-to-Leu"
"64213","rpoB",127,"T",101,0,18,0,83,"u-to-c",3422,"exon","coding","TGA",1,"STOP-to-Arg"
"64301","rpoB",215,"C",121,0,40,1,80,"c-to-u",3422,"exon","coding","CCA",2,"Pro-to-Leu"
"64511","rpoB",425,"C",241,0,92,0,149,"c-to-u",3422,"exon","coding","ACA",2,"Thr-to-Ile"
"64541","rpoB",455,"C",174,0,50,0,124,"c-to-u",3422,"exon","coding","CCA",2,"Pro-to-Leu"
"64613","rpoB",527,"C",193,0,70,0,123,"c-to-u",3422,"exon","coding","CCG",2,"Pro-to-Leu"
"64730","rpoB",644,"C",178,0,37,1,140,"c-to-u",3422,"exon","coding","GCA",2,"Ala-to-Val"
"64904","rpoB",818,"C",100,0,16,0,84,"c-to-u",3422,"exon","coding","TCG",2,"Ser-to-Leu"
"65074","rpoB",988,"T",215,0,105,0,110,"u-to-c",3422,"exon","coding","TAA",1,"STOP-to-Gln"
"65168","rpoB",1082,"C",159,0,47,0,112,"c-to-u",3422,"exon","coding","TCC",2,"Ser-to-Phe"
"65601","rpoB",1515,"C",171,0,103,0,68,"c-to-u",3422,"exon","coding","GTC",3,"Silent"
"65780","rpoB",1694,"C",149,0,54,0,95,"c-to-u",3422,"exon","coding","TCG",2,"Ser-to-Leu"
"66041","rpoB",1955,"C",195,0,23,0,172,"c-to-u",3422,"exon","coding","CCA",2,"Pro-to-Leu"
"66371","rpoB",2285,"C",245,0,77,0,168,"c-to-u",3422,"exon","coding","TCA",2,"Ser-to-Leu"
"66806","rpoB",2720,"C",79,0,30,0,49,"c-to-u",3422,"exon","coding","CCT",2,"Pro-to-Leu"
"67073","rpoB",2987,"C",58,0,14,0,44,"c-to-u",3422,"exon","coding","TCA",2,"Ser-to-Leu"
"67623","rpoC1",115,"T",76,0,34,0,42,"u-to-c",3006,"exon","coding","TAA",1,"STOP-to-Gln"
"67894","rpoC1",386,"C",59,0,30,0,29,"c-to-u",3006,"exon","coding","TCA",2,"Ser-to-Leu"
"69185","rpoC1",1677,"C",105,0,11,0,94,"c-to-u",3006,"exon","coding","CCA",2,"Pro-to-Leu"
"69290","rpoC1",1782,"C",105,0,37,0,68,"c-to-u",3006,"exon","coding","ACG",2,"Thr-to-Met"
"69505","rpoC1",1997,"T",140,0,70,0,70,"u-to-c",3006,"exon","coding","TAA",1,"STOP-to-Gln"
"69724","rpoC1",2216,"C",74,0,32,0,42,"c-to-u",3006,"exon","coding","CTT",1,"Leu-to-Phe"
"70746","rpoC2",232,"T",89,0,36,0,53,"u-to-c",4472,"exon","coding","TAA",1,"STOP-to-Gln"
"70846","rpoC2",332,"C",130,0,30,1,99,"c-to-u",4472,"exon","coding","TCA",2,"Ser-to-Leu"
"71362","rpoC2",848,"C",75,0,13,0,62,"c-to-u",4472,"exon","coding","TCG",2,"Ser-to-Leu"
"71451","rpoC2",937,"T",81,0,40,0,41,"u-to-c",4472,"exon","coding","TAT",1,"Tyr-to-His"
"74292","rpoC2",3778,"T",55,0,41,0,14,"u-to-c",4472,"exon","coding","TGT",1,"Cys-to-Arg"
"74763","rpoC2",4249,"C",15,0,10,0,5,"c-to-u",4472,"exon","coding","CAA",1,"Gln-to-STOP"
"76003","rps12",421,"C",2217,0,1804,0,413,"c-to-u",972,"exon","coding","TCG",2,"Ser-to-Leu"
"76802","rps14",248,"C",1309,0,211,0,1098,"c-to-u",503,"exon","coding","CCT",2,"Pro-to-Leu"
"79149","rps19",2,"C",57,0,6,0,51,"c-to-u",479,"exon","coding","ACG",2,"Thr-to-Met (Start Codon)"
"79642","rps2",16,"C",66,0,39,0,27,"c-to-u",917,"exon","coding","CGG",1,"Arg-to-Trp"
"80056","rps2",430,"T",354,0,263,0,91,"u-to-c",917,"exon","coding","TAA",1,"STOP-to-Gln"
"80123","rps2",497,"C",237,0,41,0,196,"c-to-u",917,"exon","coding","ACA",2,"Thr-to-Ile"
"80126","rps2",500,"C",233,0,25,0,208,"c-to-u",917,"exon","coding","ACT",2,"Thr-to-Ile"
"80174","rps2",548,"C",385,0,149,0,236,"c-to-u",917,"exon","coding","TCA",2,"Ser-to-Leu"
"80288","rps2",662,"C",237,0,52,0,185,"c-to-u",917,"exon","coding","CCA",2,"Pro-to-Leu"
"80589","rps3",46,"T",76,0,19,0,57,"u-to-c",854,"exon","coding","TAA",1,"STOP-to-Gln"
"81429","rps4",32,"C",158,0,13,0,145,"c-to-u",821,"exon","coding","TCG",2,"Ser-to-Leu"
"82357","rps7",139,"T",978,0,288,0,690,"u-to-c",653,"exon","coding","TAA",1,"STOP-to-Gln"
"82499","rps7",281,"C",952,1,561,0,390,"c-to-u",653,"exon","coding","TCG",2,"Ser-to-Leu"
"82514","rps7",296,"C",1174,0,787,0,387,"c-to-u",653,"exon","coding","TCA",2,"Ser-to-Leu"
"83005","rps8",134,"C",253,0,56,0,197,"c-to-u",599,"exon","coding","CCA",2,"Pro-to-Leu"
"83188","rps8",317,"C",313,0,45,0,268,"c-to-u",599,"exon","coding","TCA",2,"Ser-to-Leu"
"83254","rps8",383,"C",20,0,8,0,12,"c-to-u",599,"exon","coding","CCG",2,"Pro-to-Leu"
"83472","ycf1",2,"C",114,0,53,0,61,"c-to-u",5324,"exon","coding","ACG",2,"Thr-to-Met (Start Codon)"
"86772","ycf1",3302,"C",8,0,7,0,1,"c-to-u",5324,"exon","coding","TCA",2,"Ser-to-Leu"
"89283","ycf2",187,"T",169,0,40,0,129,"u-to-c",6551,"exon","coding","TGA",1,"STOP-to-Arg"
"92686","ycf2",3590,"C",78,0,58,0,20,"c-to-u",6551,"exon","coding","TCC",2,"Ser-to-Phe"
"92695","ycf2",3599,"C",177,0,56,0,121,"c-to-u",6551,"exon","coding","TCG",2,"Ser-to-Leu"
"92784","ycf2",3688,"T",36,0,21,0,15,"u-to-c",6551,"exon","coding","TAA",1,"STOP-to-Gln"
"93484","ycf2",4388,"C",138,0,37,0,101,"c-to-u",6551,"exon","coding","CCA",2,"Pro-to-Leu"
"93664","ycf2",4568,"C",63,0,29,0,34,"c-to-u",6551,"exon","coding","TCA",2,"Ser-to-Leu"
"93687","ycf2",4591,"T",62,0,29,0,33,"u-to-c",6551,"exon","coding","TAA",1,"STOP-to-Gln"
"95700","ycf3",53,"C",141,0,30,0,111,"c-to-u",2127,"exon","coding","CCA",2,"Pro-to-Leu"
"95715","ycf3",68,"C",143,0,75,0,68,"c-to-u",2127,"exon","coding","ACA",2,"Thr-to-Ile"
"95752","ycf3",105,"C",124,0,42,3,79,"c-to-u",2127,"exon","coding","GCC",3,"Silent"
"96552","ycf3",905,"C",119,0,44,0,75,"c-to-u",2127,"exon","coding","CCA",2,"Pro-to-Leu"
"97494","ycf3",1847,"C",286,0,48,0,238,"c-to-u",2127,"exon","coding","CGG",1,"Arg-to-Trp"
